Product,Test,Receiver,Receiver_ID,POS_File,Exists,Bytes,Parse_Status,Raw_N,Clean_N,Outlier_N,Outlier_pct,Solution_Status,Status_Reason,Contamination_Class,Filter_Method,RAW_RMSE_2D_m,RAW_RMSE_3D_m,CLEAN_RMSE_2D_m,CLEAN_RMSE_3D_m
CODE,Test-1,CHC I80,C1,C:\IEEE\RTKLIB_DATA\CODE\CHC1.pos,True,818208,OK,5597,5092,505.0,9.022690727175272,USABLE,MEETS_SOLUTION_QC,LOW,MCD_CHI2_99.73,0.06546966225006784,0.27545703651799763,0.06506747511457968,0.2747774539315968
CODE,Test-1,TRIMBLE OEM MB2,OEM1,C:\IEEE\RTKLIB_DATA\CODE\OEM1.pos,True,1046,EMPTY_OR_UNPARSEABLE,0,0,,,FAILED,EMPTY_OR_UNPARSEABLE,NOT_APPLICABLE,,,,,
CODE,Test-1,XIAOMI-1,T11,C:\IEEE\RTKLIB_DATA\CODE\T11.pos,True,769581,OK,5264,2730,2534.0,48.138297872340424,USABLE,MEETS_SOLUTION_QC,HIGH,MCD_CHI2_99.73,2.7409269660635225,2.905786976044822,2.7223417253380795,2.89678401204127
CODE,Test-1,XIAOMI-2,T21,C:\IEEE\RTKLIB_DATA\CODE\T21.pos,True,771917,OK,5280,3262,2018.0,38.21969696969697,USABLE,MEETS_SOLUTION_QC,HIGH,MCD_CHI2_99.73,2.7481986747920932,2.8211980282536953,2.782293106011792,2.85263572246546
CODE,Test-2,CHC I80,C2,C:\IEEE\RTKLIB_DATA\CODE\CHC2.pos,True,759224,OK,5193,4862,331.0,6.3739649528211055,USABLE,MEETS_SOLUTION_QC,LOW,MCD_CHI2_99.73,0.24607279272828853,0.25782817524938345,0.2465942632536065,0.258270370704838
CODE,Test-2,TRIMBLE OEM MB2,OEM2,C:\IEEE\RTKLIB_DATA\CODE\OEM2.pos,True,521682,OK,3566,2593,973.0,27.285473920358946,USABLE,MEETS_SOLUTION_QC,MODERATE,MCD_CHI2_99.73,0.5259627958120898,0.5290729460990847,0.5364903127639712,0.5404442090048764
CODE,Test-2,XIAOMI-1,T12,C:\IEEE\RTKLIB_DATA\CODE\T12.pos,True,544449,OK,3722,2504,1218.0,32.72434175174637,USABLE,MEETS_SOLUTION_QC,MODERATE,MCD_CHI2_99.73,5.681027715427242,6.008384714002248,5.682979244024697,6.046579951120237
CODE,Test-2,XIAOMI-2,T22,C:\IEEE\RTKLIB_DATA\CODE\T22.pos,True,544011,OK,3719,2986,733.0,19.709599354665233,USABLE,MEETS_SOLUTION_QC,LOW,MCD_CHI2_99.73,4.090519663834968,5.011842297023005,4.077121312939709,5.002120267270715
CODE,Test-3,CHC I80,C3,C:\IEEE\RTKLIB_DATA\CODE\CHC3.pos,True,535406,OK,3660,3573,87.0,2.377049180327869,USABLE,MEETS_SOLUTION_QC,LOW,MCD_CHI2_99.73,0.33831490501870976,0.3384067882763958,0.33802545172311693,0.3381160579182032
CODE,Test-3,TRIMBLE OEM MB2,OEM3,C:\IEEE\RTKLIB_DATA\CODE\OEM3.pos,True,466202,OK,3186,2193,993.0,31.167608286252353,USABLE,MEETS_SOLUTION_QC,MODERATE,MCD_CHI2_99.73,1.3103898022385165,1.3868243980772041,1.330058358513506,1.407269825514273
CODE,Test-3,XIAOMI-1,T13,C:\IEEE\RTKLIB_DATA\CODE\T13.pos,True,535397,OK,3660,2062,1598.0,43.66120218579235,USABLE,MEETS_SOLUTION_QC,HIGH,MCD_CHI2_99.73,2.0869638883309634,2.2637849754699175,2.146539256222319,2.348225637330802
CODE,Test-3,XIAOMI-2,T23,C:\IEEE\RTKLIB_DATA\CODE\T23.pos,True,534667,OK,3655,2279,1376.0,37.64705882352941,USABLE,MEETS_SOLUTION_QC,HIGH,MCD_CHI2_99.73,0.47611999383326314,4.592693873693812,0.4801281966421533,4.608861401414429
GFZ,Test-1,CHC I80,C1,C:\IEEE\RTKLIB_DATA\GFZ\CHC1.pos,True,817913,OK,5595,4816,779.0,13.923145665773012,USABLE,MEETS_SOLUTION_QC,LOW,MCD_CHI2_99.73,0.15230382946610055,0.42872011648882963,0.15288127141317656,0.4277201329785916
GFZ,Test-1,TRIMBLE OEM MB2,OEM1,C:\IEEE\RTKLIB_DATA\GFZ\OEM1.pos,True,1043,EMPTY_OR_UNPARSEABLE,0,0,,,FAILED,EMPTY_OR_UNPARSEABLE,NOT_APPLICABLE,,,,,
GFZ,Test-1,XIAOMI-1,T11,C:\IEEE\RTKLIB_DATA\GFZ\T11.pos,True,769578,OK,5264,2709,2555.0,48.537234042553195,USABLE,MEETS_SOLUTION_QC,HIGH,MCD_CHI2_99.73,4.415846656463771,4.9311465349452215,4.329354685588576,4.799854516914046
GFZ,Test-1,XIAOMI-2,T21,C:\IEEE\RTKLIB_DATA\GFZ\T21.pos,True,771914,OK,5280,2714,2566.0,48.59848484848485,USABLE,MEETS_SOLUTION_QC,HIGH,MCD_CHI2_99.73,4.975150303974979,5.502156174956173,5.013031800210723,5.526199384947074
GFZ,Test-2,CHC I80,C2,C:\IEEE\RTKLIB_DATA\GFZ\CHC2.pos,True,759221,OK,5193,3364,1829.0,35.22048911996919,USABLE,MEETS_SOLUTION_QC,HIGH,MCD_CHI2_99.73,0.8215919618485463,0.8517422721797939,0.835979624422542,0.8652954134409189
GFZ,Test-2,TRIMBLE OEM MB2,OEM2,C:\IEEE\RTKLIB_DATA\GFZ\OEM2.pos,True,499487,OK,3414,1859,1555.0,45.5477445811365,USABLE,MEETS_SOLUTION_QC,HIGH,MCD_CHI2_99.73,0.7698403137596562,1.5695292621899037,0.17512845327225168,0.5802439011563956
GFZ,Test-2,XIAOMI-1,T12,C:\IEEE\RTKLIB_DATA\GFZ\T12.pos,True,544446,OK,3722,2429,1293.0,34.739387426114995,USABLE,MEETS_SOLUTION_QC,MODERATE,MCD_CHI2_99.73,9.071841912239533,9.420117097109246,9.055413594649039,9.440685845748124
GFZ,Test-2,XIAOMI-2,T22,C:\IEEE\RTKLIB_DATA\GFZ\T22.pos,True,544008,OK,3719,2229,1490.0,40.06453347674106,USABLE,MEETS_SOLUTION_QC,HIGH,MCD_CHI2_99.73,9.452476734930618,10.678432187145894,9.410095569470004,10.581431364426273
GFZ,Test-3,CHC I80,C3,C:\IEEE\RTKLIB_DATA\GFZ\CHC3.pos,True,535403,OK,3660,2126,1534.0,41.91256830601093,USABLE,MEETS_SOLUTION_QC,HIGH,MCD_CHI2_99.73,0.9827307592551829,1.0960209171630673,1.0178402347642932,1.1293904812097215
GFZ,Test-3,TRIMBLE OEM MB2,OEM3,C:\IEEE\RTKLIB_DATA\GFZ\OEM3.pos,True,465907,OK,3184,2230,954.0,29.962311557788944,USABLE,MEETS_SOLUTION_QC,MODERATE,MCD_CHI2_99.73,0.30297816349678813,0.36007871534662655,0.30959392730111407,0.3631433885054698
GFZ,Test-3,XIAOMI-1,T13,C:\IEEE\RTKLIB_DATA\GFZ\T13.pos,True,535394,OK,3660,2477,1183.0,32.322404371584696,USABLE,MEETS_SOLUTION_QC,MODERATE,MCD_CHI2_99.73,4.46341954207756,4.831619146898997,4.634846950352152,5.05416262849768
GFZ,Test-3,XIAOMI-2,T23,C:\IEEE\RTKLIB_DATA\GFZ\T23.pos,True,534664,OK,3655,2285,1370.0,37.482900136798904,USABLE,MEETS_SOLUTION_QC,HIGH,MCD_CHI2_99.73,2.9049174296914946,8.313222341797726,2.9002276993624885,8.305715483414804
GRG,Test-1,CHC I80,C1,C:\IEEE\RTKLIB_DATA\GRG\CHC1.pos,True,818205,OK,5597,4500,1097.0,19.599785599428266,USABLE,MEETS_SOLUTION_QC,LOW,MCD_CHI2_99.73,0.07881408508040401,0.2792992262864375,0.07791520677560615,0.27783725113941415
GRG,Test-1,TRIMBLE OEM MB2,OEM1,C:\IEEE\RTKLIB_DATA\GRG\OEM1.pos,True,1043,EMPTY_OR_UNPARSEABLE,0,0,,,FAILED,EMPTY_OR_UNPARSEABLE,NOT_APPLICABLE,,,,,
GRG,Test-1,XIAOMI-1,T11,C:\IEEE\RTKLIB_DATA\GRG\T11.pos,True,756292,OK,5173,2703,2470.0,47.747921902184416,USABLE,MEETS_SOLUTION_QC,HIGH,MCD_CHI2_99.73,5.925239776442388,6.930618813853139,5.624639483423105,6.329208693249638
GRG,Test-1,XIAOMI-2,T21,C:\IEEE\RTKLIB_DATA\GRG\T21.pos,True,771330,OK,5276,3020,2256.0,42.759666413949965,USABLE,MEETS_SOLUTION_QC,HIGH,MCD_CHI2_99.73,6.531111518098316,6.74561938033694,6.511040303463253,6.55134482271436
GRG,Test-2,CHC I80,C2,C:\IEEE\RTKLIB_DATA\GRG\CHC2.pos,True,759221,OK,5193,5060,133.0,2.5611399961486616,USABLE,MEETS_SOLUTION_QC,LOW,MCD_CHI2_99.73,0.08009616472976663,0.14567700151064783,0.07993594049929949,0.14578157752651646
GRG,Test-2,TRIMBLE OEM MB2,OEM2,C:\IEEE\RTKLIB_DATA\GRG\OEM2.pos,True,521679,OK,3566,1950,1616.0,45.316881660123386,USABLE,MEETS_SOLUTION_QC,HIGH,MCD_CHI2_99.73,0.050569682083736585,0.3466205746836155,0.05654096999847377,0.363548337190518
GRG,Test-2,XIAOMI-1,T12,C:\IEEE\RTKLIB_DATA\GRG\T12.pos,True,461810,OK,3156,1940,1216.0,38.5297845373891,USABLE,MEETS_SOLUTION_QC,HIGH,MCD_CHI2_99.73,7.524397776531737,7.638892661528699,7.3708688135404135,7.418999794283496
GRG,Test-2,XIAOMI-2,T22,C:\IEEE\RTKLIB_DATA\GRG\T22.pos,True,544154,OK,3720,2388,1332.0,35.806451612903224,USABLE,MEETS_SOLUTION_QC,HIGH,MCD_CHI2_99.73,6.238458277392823,6.307061219074664,6.225079936804047,6.289136637319015
GRG,Test-3,CHC I80,C3,C:\IEEE\RTKLIB_DATA\GRG\CHC3.pos,True,535403,OK,3660,3660,0.0,0.0,USABLE,MEETS_SOLUTION_QC,LOW,MCD_CHI2_99.73,0.12504519477556522,0.13097990222588007,0.12504519477556522,0.13097990222588007
GRG,Test-3,TRIMBLE OEM MB2,OEM3,C:\IEEE\RTKLIB_DATA\GRG\OEM3.pos,True,466053,OK,3185,2514,671.0,21.067503924646783,USABLE,MEETS_SOLUTION_QC,MODERATE,MCD_CHI2_99.73,0.03278983305234473,0.1067740832766879,0.03479416614473709,0.09849359738271322
GRG,Test-3,XIAOMI-1,T13,C:\IEEE\RTKLIB_DATA\GRG\T13.pos,True,534518,OK,3654,2227,1427.0,39.05309250136836,USABLE,MEETS_SOLUTION_QC,HIGH,MCD_CHI2_99.73,4.2989598042366035,4.4423886288467385,3.402341396983205,3.5776217263486427
GRG,Test-3,XIAOMI-2,T23,C:\IEEE\RTKLIB_DATA\GRG\T23.pos,True,534664,OK,3655,2401,1254.0,34.309165526675784,USABLE,MEETS_SOLUTION_QC,MODERATE,MCD_CHI2_99.73,1.4773874104198077,3.9063087820451203,1.4483346884880828,3.9329870965799607
IGS,Test-1,CHC I80,C1,C:\IEEE\RTKLIB_DATA\IGS\CHC1.pos,True,817613,OK,5593,5522,71.0,1.2694439477918826,USABLE,MEETS_SOLUTION_QC,LOW,MCD_CHI2_99.73,0.24597596082131243,0.44216079521175855,0.24578939800997804,0.44198460615890917
IGS,Test-1,TRIMBLE OEM MB2,OEM1,C:\IEEE\RTKLIB_DATA\IGS\OEM1.pos,True,1035,EMPTY_OR_UNPARSEABLE,0,0,,,FAILED,EMPTY_OR_UNPARSEABLE,NOT_APPLICABLE,,,,,
IGS,Test-1,XIAOMI-1,T11,C:\IEEE\RTKLIB_DATA\IGS\T11.pos,True,756138,OK,5172,2702,2470.0,47.75715390564579,USABLE,MEETS_SOLUTION_QC,HIGH,MCD_CHI2_99.73,6.010109378579041,7.043454435363723,5.7124348841016745,6.4387337452559805
IGS,Test-1,XIAOMI-2,T21,C:\IEEE\RTKLIB_DATA\IGS\T21.pos,True,771322,OK,5276,3021,2255.0,42.7407126611069,USABLE,MEETS_SOLUTION_QC,HIGH,MCD_CHI2_99.73,6.679209126721691,6.890392042686393,6.664140883843854,6.698149501250398
IGS,Test-2,CHC I80,C2,C:\IEEE\RTKLIB_DATA\IGS\CHC2.pos,True,759213,OK,5193,4028,1165.0,22.434045830926248,USABLE,MEETS_SOLUTION_QC,MODERATE,MCD_CHI2_99.73,0.06192977952132442,0.11291843826058306,0.06280496511306498,0.11391400439650538
IGS,Test-2,TRIMBLE OEM MB2,OEM2,C:\IEEE\RTKLIB_DATA\IGS\OEM2.pos,True,4247,OK,22,22,0.0,0.0,FAILED,INSUFFICIENT_CLEAN_EPOCHS,NOT_APPLICABLE,NONE_SMALL_SAMPLE,4.419578705066596,5.030296577634181,4.419578705066596,5.030296577634181
IGS,Test-2,XIAOMI-1,T12,C:\IEEE\RTKLIB_DATA\IGS\T12.pos,True,462386,OK,3160,1941,1219.0,38.575949367088604,USABLE,MEETS_SOLUTION_QC,HIGH,MCD_CHI2_99.73,7.598625022617329,7.705195811614321,7.441894779946326,7.490300572129972
IGS,Test-2,XIAOMI-2,T22,C:\IEEE\RTKLIB_DATA\IGS\T22.pos,True,544146,OK,3720,2395,1325.0,35.61827956989247,USABLE,MEETS_SOLUTION_QC,HIGH,MCD_CHI2_99.73,6.29566009382522,6.380405948731194,6.282774252009807,6.363227941548905
IGS,Test-3,CHC I80,C3,C:\IEEE\RTKLIB_DATA\IGS\CHC3.pos,True,535395,OK,3660,2987,673.0,18.387978142076502,USABLE,MEETS_SOLUTION_QC,LOW,MCD_CHI2_99.73,0.3250637060695224,0.3254879026580663,0.3257518807945317,0.32603848361814936
IGS,Test-3,TRIMBLE OEM MB2,OEM3,C:\IEEE\RTKLIB_DATA\IGS\OEM3.pos,True,332017,OK,2267,1501,766.0,33.78914865460962,USABLE,MEETS_SOLUTION_QC,MODERATE,MCD_CHI2_99.73,0.9031307030687494,1.2259199461574384,0.866744157574069,1.2132273789781056
IGS,Test-3,XIAOMI-1,T13,C:\IEEE\RTKLIB_DATA\IGS\T13.pos,True,534510,OK,3654,2227,1427.0,39.05309250136836,USABLE,MEETS_SOLUTION_QC,HIGH,MCD_CHI2_99.73,4.293451819124719,4.432154321575341,3.400937870381955,3.5652799201945573
IGS,Test-3,XIAOMI-2,T23,C:\IEEE\RTKLIB_DATA\IGS\T23.pos,True,534656,OK,3655,2468,1187.0,32.47606019151847,USABLE,MEETS_SOLUTION_QC,MODERATE,MCD_CHI2_99.73,1.4570933525872782,4.055238222808647,1.426788662874849,4.084660037122535
JAX,Test-1,CHC I80,C1,C:\IEEE\RTKLIB_DATA\JAX\CHC1.pos,True,818789,OK,5601,3370,2231.0,39.832172826281024,USABLE,MEETS_SOLUTION_QC,HIGH,MCD_CHI2_99.73,0.6158531563219521,2.5923142435084605,0.6135558227178313,2.5888413793074316
JAX,Test-1,TRIMBLE OEM MB2,OEM1,C:\IEEE\RTKLIB_DATA\JAX\OEM1.pos,True,1043,EMPTY_OR_UNPARSEABLE,0,0,,,FAILED,EMPTY_OR_UNPARSEABLE,NOT_APPLICABLE,,,,,
JAX,Test-1,XIAOMI-1,T11,C:\IEEE\RTKLIB_DATA\JAX\T11.pos,True,769578,OK,5264,3385,1879.0,35.69528875379939,USABLE,MEETS_SOLUTION_QC,HIGH,MCD_CHI2_99.73,8.908241528263536,9.34890353670856,8.844039751719462,9.399863803118967
JAX,Test-1,XIAOMI-2,T21,C:\IEEE\RTKLIB_DATA\JAX\T21.pos,True,771914,OK,5280,3492,1788.0,33.86363636363637,USABLE,MEETS_SOLUTION_QC,MODERATE,MCD_CHI2_99.73,7.811504226376538,8.085931973761639,7.8159143170448875,8.045201529054811
JAX,Test-2,CHC I80,C2,C:\IEEE\RTKLIB_DATA\JAX\CHC2.pos,True,759221,OK,5193,2928,2265.0,43.616406701328714,USABLE,MEETS_SOLUTION_QC,HIGH,MCD_CHI2_99.73,0.22083626031242987,0.6407849042365542,0.22445825978291373,0.6536010795753224
JAX,Test-2,TRIMBLE OEM MB2,OEM2,C:\IEEE\RTKLIB_DATA\JAX\OEM2.pos,True,521679,OK,3566,2240,1326.0,37.184520471116095,USABLE,MEETS_SOLUTION_QC,HIGH,MCD_CHI2_99.73,0.48912104641842813,0.8656985940281363,0.49376547804123044,0.8638218784533367
JAX,Test-2,XIAOMI-1,T12,C:\IEEE\RTKLIB_DATA\JAX\T12.pos,True,544446,OK,3722,2511,1211.0,32.53627082213863,USABLE,MEETS_SOLUTION_QC,MODERATE,MCD_CHI2_99.73,6.9270492507918995,13.950442119701393,6.726344064294904,11.909494642566946
JAX,Test-2,XIAOMI-2,T22,C:\IEEE\RTKLIB_DATA\JAX\T22.pos,True,544154,OK,3720,2373,1347.0,36.20967741935484,USABLE,MEETS_SOLUTION_QC,HIGH,MCD_CHI2_99.73,6.797975481593626,7.718164440812325,6.7895034582794604,7.720121020078524
JAX,Test-3,CHC I80,C3,C:\IEEE\RTKLIB_DATA\JAX\CHC3.pos,True,535403,OK,3660,2872,788.0,21.530054644808743,USABLE,MEETS_SOLUTION_QC,MODERATE,MCD_CHI2_99.73,0.22093021224697526,0.22253340926904763,0.22050496154921012,0.22195758466218724
JAX,Test-3,TRIMBLE OEM MB2,OEM3,C:\IEEE\RTKLIB_DATA\JAX\OEM3.pos,True,466053,OK,3185,2808,377.0,11.83673469387755,USABLE,MEETS_SOLUTION_QC,LOW,MCD_CHI2_99.73,0.08441588546499434,0.35428973244596074,0.07972606971623095,0.3534735479697576
JAX,Test-3,XIAOMI-1,T13,C:\IEEE\RTKLIB_DATA\JAX\T13.pos,True,534956,OK,3657,2220,1437.0,39.29450369155045,USABLE,MEETS_SOLUTION_QC,HIGH,MCD_CHI2_99.73,4.35997153379716,4.514703738107081,3.5142816519397257,3.6817628519262064
JAX,Test-3,XIAOMI-2,T23,C:\IEEE\RTKLIB_DATA\JAX\T23.pos,True,534664,OK,3655,2454,1201.0,32.85909712722298,USABLE,MEETS_SOLUTION_QC,MODERATE,MCD_CHI2_99.73,1.746891365913803,4.698450863838494,1.7582679901201557,4.7362834098727795
WHU,Test-1,CHC I80,C1,C:\IEEE\RTKLIB_DATA\WHU\CHC1.pos,True,818351,OK,5598,5071,527.0,9.4140764558771,USABLE,MEETS_SOLUTION_QC,LOW,MCD_CHI2_99.73,0.34908179325756894,0.5146874612875065,0.3480327583479007,0.5132381369496556
WHU,Test-1,TRIMBLE OEM MB2,OEM1,C:\IEEE\RTKLIB_DATA\WHU\OEM1.pos,True,1043,EMPTY_OR_UNPARSEABLE,0,0,,,FAILED,EMPTY_OR_UNPARSEABLE,NOT_APPLICABLE,,,,,
WHU,Test-1,XIAOMI-1,T11,C:\IEEE\RTKLIB_DATA\WHU\T11.pos,True,769578,OK,5264,2744,2520.0,47.87234042553192,USABLE,MEETS_SOLUTION_QC,HIGH,MCD_CHI2_99.73,2.8169120521428166,2.8385230993000388,2.798643253962625,2.818492379169748
WHU,Test-1,XIAOMI-2,T21,C:\IEEE\RTKLIB_DATA\WHU\T21.pos,True,771914,OK,5280,3114,2166.0,41.02272727272727,USABLE,MEETS_SOLUTION_QC,HIGH,MCD_CHI2_99.73,2.745564002811063,3.188770312235509,2.792311862857941,3.199167681427368
WHU,Test-2,CHC I80,C2,C:\IEEE\RTKLIB_DATA\WHU\CHC2.pos,True,759221,OK,5193,4432,761.0,14.654342383978433,USABLE,MEETS_SOLUTION_QC,LOW,MCD_CHI2_99.73,0.295875616227918,0.318397661914364,0.29731369186123746,0.32018657639968084
WHU,Test-2,TRIMBLE OEM MB2,OEM2,C:\IEEE\RTKLIB_DATA\WHU\OEM2.pos,True,1043,EMPTY_OR_UNPARSEABLE,0,0,,,FAILED,EMPTY_OR_UNPARSEABLE,NOT_APPLICABLE,,,,,
WHU,Test-2,XIAOMI-1,T12,C:\IEEE\RTKLIB_DATA\WHU\T12.pos,True,544446,OK,3722,2481,1241.0,33.34228909188608,USABLE,MEETS_SOLUTION_QC,MODERATE,MCD_CHI2_99.73,5.483575432602616,6.571617510932634,5.4720988113101985,6.652113401057697
WHU,Test-2,XIAOMI-2,T22,C:\IEEE\RTKLIB_DATA\WHU\T22.pos,True,543716,OK,3717,2650,1067.0,28.705945655098198,USABLE,MEETS_SOLUTION_QC,MODERATE,MCD_CHI2_99.73,4.183836135185868,7.611013294211574,4.168988394185554,7.63525051041818
WHU,Test-3,CHC I80,C3,C:\IEEE\RTKLIB_DATA\WHU\CHC3.pos,True,534965,OK,3657,3169,488.0,13.344271260596116,USABLE,MEETS_SOLUTION_QC,LOW,MCD_CHI2_99.73,0.3239779640384084,0.3261653900010134,0.3245713297272852,0.32670895090706475
WHU,Test-3,TRIMBLE OEM MB2,OEM3,C:\IEEE\RTKLIB_DATA\WHU\OEM3.pos,True,1481,OK,3,3,0.0,0.0,FAILED,INSUFFICIENT_CLEAN_EPOCHS,NOT_APPLICABLE,NONE_SMALL_SAMPLE,46.69231477383849,63.17922804008032,46.69231477383849,63.17922804008032
WHU,Test-3,XIAOMI-1,T13,C:\IEEE\RTKLIB_DATA\WHU\T13.pos,True,535394,OK,3660,2383,1277.0,34.89071038251366,USABLE,MEETS_SOLUTION_QC,MODERATE,MCD_CHI2_99.73,1.6679382451504277,2.682970635400445,1.8323558644674116,2.919893940035038
WHU,Test-3,XIAOMI-2,T23,C:\IEEE\RTKLIB_DATA\WHU\T23.pos,True,534664,OK,3655,2373,1282.0,35.07523939808482,USABLE,MEETS_SOLUTION_QC,HIGH,MCD_CHI2_99.73,0.5194679350280188,5.834681086751578,0.5264521081006536,5.84704695435077
