Product,Test,Receiver,Receiver_ID,Receiver_Class,Solution_Status,Status_Reason,Contamination_Class,POS_File,POS_Bytes,POS_Format,GT_Source,GT_X_m,GT_Y_m,GT_Z_m,GT_Lat_deg,GT_Lon_deg,GT_h_m,Start_Epoch,End_Epoch,Duration_min,Filter_Method,Outlier_N,Outlier_pct,Retention_pct,RAW_N,RAW_Bias_E_m,RAW_Bias_N_m,RAW_Bias_U_m,RAW_Bias_2D_m,RAW_Bias_3D_m,RAW_SD_E_m,RAW_SD_N_m,RAW_SD_U_m,RAW_MAE_E_m,RAW_MAE_N_m,RAW_MAE_U_m,RAW_RMSE_E_m,RAW_RMSE_N_m,RAW_RMSE_U_m,RAW_RMSE_2D_m,RAW_RMSE_3D_m,RAW_P95_2D_m,RAW_P95_3D_m,RAW_P99_2D_m,RAW_P99_3D_m,CLEAN_N,CLEAN_Bias_E_m,CLEAN_Bias_N_m,CLEAN_Bias_U_m,CLEAN_Bias_2D_m,CLEAN_Bias_3D_m,CLEAN_SD_E_m,CLEAN_SD_N_m,CLEAN_SD_U_m,CLEAN_MAE_E_m,CLEAN_MAE_N_m,CLEAN_MAE_U_m,CLEAN_RMSE_E_m,CLEAN_RMSE_N_m,CLEAN_RMSE_U_m,CLEAN_RMSE_2D_m,CLEAN_RMSE_3D_m,CLEAN_P95_2D_m,CLEAN_P95_3D_m,CLEAN_P99_2D_m,CLEAN_P99_3D_m,Delta_RMSE_2D_RAW_minus_CLEAN_m,Delta_RMSE_3D_RAW_minus_CLEAN_m,RMSE_2D_Reduction_pct,RMSE_3D_Reduction_pct
CODE,Test-1,CHC I80,C1,Geodetic,USABLE,MEETS_SOLUTION_QC,LOW,C:\IEEE\RTKLIB_DATA\CODE\CHC1.pos,818208,ECEF,C:\IEEE\Ground_Truth\GNSS_GT_v1_3_TRUTH_MODEL_B_LEVEL_TABLE.csv,4213630.344056461,2370585.555446905,4146228.139523509,40.80656880861399,29.362076089712488,62.06335000041872,2023-06-05 09:05:29.000,2023-06-05 10:38:49.000,93.33333333333333,MCD_CHI2_99.73,505,9.022690727175272,90.97730927282473,5597,0.06499809694193576,0.006861070199394461,0.26747457230570465,0.06535921427277333,0.2753442821641189,0.0025796410815797158,0.00279245749063453,0.006903910341729219,0.06499809694193576,0.006861070199394461,0.26747457230570465,0.06504925799141718,0.007407476621900709,0.26756364157362544,0.06546966225006784,0.27545703651799763,0.06976319836782191,0.28791449611836656,0.07041713429970997,0.2893929170057915,5092,0.06460917352318755,0.006781917093211487,0.26687599602141315,0.06496414166914355,0.2746691408863214,0.0022893331414774853,0.002863251304580427,0.0067885690192737375,0.06460917352318755,0.006781917093211487,0.26687599602141315,0.06464971245343137,0.007361453489297284,0.26696230608710353,0.06506747511457968,0.2747774539315968,0.06902135579274063,0.2874967660176553,0.06965891596806534,0.2892976305441997,0.00040218713548816065,0.0006795825864008287,0.6143106924119559,0.24671091905703652
CODE,Test-1,XIAOMI-1,T11,Smartphone,USABLE,MEETS_SOLUTION_QC,HIGH,C:\IEEE\RTKLIB_DATA\CODE\T11.pos,769581,ECEF,C:\IEEE\Ground_Truth\GNSS_GT_v1_3_TRUTH_MODEL_B_LEVEL_TABLE.csv,4213629.714091625,2370585.4419688587,4146228.732775257,40.806576410572625,29.362078578271213,61.99335000105202,2023-06-05 09:08:38.000,2023-06-05 10:36:21.000,87.71666666666667,MCD_CHI2_99.73,2534,48.138297872340424,51.861702127659576,5264,2.7334167388549147,0.12367085242116194,0.9319406240446093,2.73621299390066,2.890566531795362,0.09201091762108746,0.1317496949343039,0.2498316377617143,2.7334167388549147,0.16448214713994258,0.9319406240446093,2.734964619319477,0.18069079767618298,0.9648405655120029,2.7409269660635225,2.905786976044822,2.8937288036813076,3.2559361269161102,2.913659380125539,3.2614031718605605,2730,2.7154858227224636,0.1485592653857459,0.9763954872793644,2.7195464895343577,2.8895122869297776,0.07176923173145186,0.10033001606456018,0.16393547384651658,2.7154858227224636,0.15614401239360615,0.9763954872793644,2.716433726281906,0.1792547913861979,0.9900571412303459,2.7223417253380795,2.89678401204127,2.8286144107870697,3.0878157245940447,2.916659147336317,3.2553200279603054,0.018585240725442986,0.009002964003551828,0.6780640621057782,0.3098287685150997
CODE,Test-1,XIAOMI-2,T21,Smartphone,USABLE,MEETS_SOLUTION_QC,HIGH,C:\IEEE\RTKLIB_DATA\CODE\T21.pos,771917,ECEF,C:\IEEE\Ground_Truth\GNSS_GT_v1_3_TRUTH_MODEL_B_LEVEL_TABLE.csv,4213630.142251923,2370585.9540662337,4146228.009738437,40.8065678088207,29.362081379525588,61.99334999918938,2023-06-05 09:08:38.000,2023-06-05 10:36:37.001,87.98335,MCD_CHI2_99.73,2018,38.21969696969697,61.78030303030303,5280,2.545472129272429,-1.0336232651097297,0.636231955845482,2.747326958168396,2.8200348431744207,0.031980055956872346,0.061389938446888184,0.04209028846911186,2.545472129272429,1.0336232651097297,0.636231955845482,2.545672974123738,1.0354443804208047,0.6376224262786873,2.7481986747920932,2.8211980282536953,2.805958192667661,2.8772603535510166,2.806611416815204,2.878208586085086,3262,2.5664601152496305,-1.0741288139368914,0.629472859735252,2.7821700580835493,2.852491246829672,0.013316724822720432,0.022529324647262188,0.011815201121108015,2.5664601152496305,1.0741288139368914,0.629472859735252,2.566494653016681,1.0743649863047158,0.6295837016039181,2.782293106011792,2.85263572246546,2.8061768799533975,2.877523533325019,2.806782776732227,2.8783071027628067,-0.034094431219698684,-0.0314376942117649,-1.2406101324635126,-1.1143384440554371
CODE,Test-2,CHC I80,C2,Geodetic,USABLE,MEETS_SOLUTION_QC,LOW,C:\IEEE\RTKLIB_DATA\CODE\CHC2.pos,759224,ECEF,C:\IEEE\Ground_Truth\GNSS_GT_v1_3_TRUTH_MODEL_B_LEVEL_TABLE.csv,4213625.036634153,2370584.7316923365,4146233.981920026,40.806638227584614,29.362098422104026,62.074450000189245,2023-06-05 10:39:09.000,2023-06-05 12:05:41.000,86.53333333333333,MCD_CHI2_99.73,331,6.3739649528211055,93.62603504717889,5193,0.2428777057678971,0.0391980013162957,0.07679406872361291,0.24602045294298097,0.2577273603197699,0.004495582021432984,0.0023560046344693647,0.005121004804557681,0.2428777057678971,0.0391980013162957,0.07679406872361291,0.24291930002567025,0.03926872796689036,0.0769645933616721,0.24607279272828853,0.25782817524938345,0.25301770844912036,0.26388146149677716,0.25509745299505315,0.26506097313164984,4862,0.24336987512599098,0.03946218315711882,0.07660088992364347,0.2465484942528882,0.258174081494368,0.004214598123771051,0.002193731316540581,0.005211810061724871,0.24336987512599098,0.03946218315711882,0.07660088992364347,0.24340635838610297,0.03952309915486113,0.07677795070477893,0.2465942632536065,0.258270370704838,0.25317172799411064,0.26397015246830324,0.2551273804993827,0.26508862112764764,-0.0005214705253179797,-0.00044219545545454153,-0.21191718090255632,-0.17150780942650254
CODE,Test-2,TRIMBLE OEM MB2,OEM2,OEM,USABLE,MEETS_SOLUTION_QC,MODERATE,C:\IEEE\RTKLIB_DATA\CODE\OEM2.pos,521682,ECEF,C:\IEEE\Ground_Truth\GNSS_GT_v1_3_TRUTH_MODEL_B_LEVEL_TABLE.csv,4213624.2258566925,2370584.9593601283,4146234.502740973,40.8066452788475,29.362105484888076,61.96445000078529,2023-06-05 11:05:35.000,2023-06-05 12:05:00.000,59.416666666666664,MCD_CHI2_99.73,973,27.285473920358946,72.71452607964106,3566,0.49706770562489033,0.17002510960913522,-0.05228677922218532,0.5253425947634468,0.5279382058103208,0.022521633479980544,0.012040748568135928,0.023400127904356655,0.49706770562489033,0.17002510960913522,0.05228677922218532,0.49757751728839517,0.1704508048311505,0.05728280471044421,0.5259627958120898,0.5290729460990847,0.5571513391847782,0.5611986786016951,0.5589909163690046,0.5620015982165476,2593,0.5068809151808789,0.17469820716760437,-0.0638831730719396,0.5361415165440748,0.5399340566809246,0.016106822444696686,0.010716554408387303,0.013307736593864495,0.5068809151808789,0.17469820716760437,0.0638831730719396,0.5071366599387582,0.17502646610082698,0.06525402177125192,0.5364903127639712,0.5404442090048764,0.5576729365532616,0.5614692973499709,0.5590262996998,0.5620343056056022,-0.010527516951881366,-0.011371262905791713,-2.0015706501876838,-2.1492807352243832
CODE,Test-2,XIAOMI-1,T12,Smartphone,USABLE,MEETS_SOLUTION_QC,MODERATE,C:\IEEE\RTKLIB_DATA\CODE\T12.pos,544449,ECEF,C:\IEEE\Ground_Truth\GNSS_GT_v1_3_TRUTH_MODEL_B_LEVEL_TABLE.csv,4213624.431924084,2370584.5546303685,4146234.585787047,40.806645955838704,29.36210010718615,62.004450000822544,2023-06-05 11:03:56.001,2023-06-05 12:05:58.001,62.03333333333333,MCD_CHI2_99.73,1218,32.72434175174637,67.27565824825362,3722,5.642063896323308,0.5363495477201776,-1.750105828734349,5.667499964493568,5.931561873512282,0.1858500682660591,0.3449942981917513,0.874039934819624,5.642063896323308,0.5363495477201776,1.750105828734349,5.6451232030882945,0.6376989300654521,1.9561725302241137,5.681027715427242,6.008384714002248,5.92198690010812,6.148405414684926,5.955404148633812,6.165952046922081,2504,5.666984411860766,0.376088409719218,-1.978323831115137,5.67945022129766,6.014143330263765,0.1450444605232187,0.13811732828872977,0.5926644181313973,5.666984411860766,0.376088409719218,1.978323831115137,5.668839547745723,0.4006385776851605,2.0651576252852224,5.682979244024697,6.046579951120237,5.881719423949122,6.151101509841501,5.901672450925707,6.168300243243789,-0.0019515285974547325,-0.03819523711798922,-0.03435168239287436,-0.6356989263516546
CODE,Test-2,XIAOMI-2,T22,Smartphone,USABLE,MEETS_SOLUTION_QC,LOW,C:\IEEE\RTKLIB_DATA\CODE\T22.pos,544011,ECEF,C:\IEEE\Ground_Truth\GNSS_GT_v1_3_TRUTH_MODEL_B_LEVEL_TABLE.csv,4213624.81077623,2370585.1252879505,4146233.879268708,40.80663755059349,29.36210379980534,62.00444999989122,2023-06-05 11:03:27.001,2023-06-05 12:05:25.001,61.96666666666667,MCD_CHI2_99.73,733,19.709599354665233,80.29040064533477,3719,3.4393665466844108,2.2100545808633254,-2.8129440513265798,4.088224980703339,4.9624830204989525,0.050417484412967166,0.12739997022829844,0.6882479372225254,3.4393665466844108,2.2100545808633254,2.8129440513265798,3.439735961042662,2.2137225748793496,2.895895731895106,4.090519663834968,5.011842297023005,4.154689888503223,5.321422625317893,4.161705913320985,5.329028545190114,2986,3.423888049020586,2.2126264318488085,-2.8505659639031893,4.07660705724037,4.974379500370403,0.039270577414018654,0.051500754934780874,0.5221627754077419,3.423888049020586,2.2126264318488085,2.8505659639031893,3.4241131748245146,2.2132255118763657,2.897980153108925,4.077121312939709,5.002120267270715,4.09337709611821,5.322135080129149,4.101769752116739,5.329581216126871,0.013398350895259092,0.009722029752290418,0.3275464243263848,0.19398115854653342
CODE,Test-3,CHC I80,C3,Geodetic,USABLE,MEETS_SOLUTION_QC,LOW,C:\IEEE\RTKLIB_DATA\CODE\CHC3.pos,535406,ECEF,C:\IEEE\Ground_Truth\GNSS_GT_v1_3_TRUTH_MODEL_B_LEVEL_TABLE.csv,4213630.062844501,2370578.777845614,4146232.2686800687,40.806617951401094,29.362007720937548,62.06085000000894,2023-06-05 12:08:11.000,2023-06-05 13:09:10.000,60.983333333333334,MCD_CHI2_99.73,87,2.377049180327869,97.62295081967213,3660,0.33769266264499725,0.01896363212382563,0.0038543190278629985,0.338224708954854,0.3382466696403148,0.00762272191757841,0.001712307743528856,0.006880156396652262,0.33769266264499725,0.01896363212382563,0.006810642596816592,0.33777866187456923,0.01904075996498152,0.007885391158768042,0.33831490501870976,0.3384067882763958,0.3508344981940819,0.3508692803067601,0.3549050391864222,0.35493463339882886,3573,0.337407523687753,0.01894222921335272,0.0038320408544996794,0.3379388185584379,0.33796054448083634,0.007457335839280108,0.00172205126528217,0.0068257682492025825,0.337407523687753,0.01894222921335272,0.006742577637673311,0.33748990108512816,0.019020322767179326,0.007827043473014796,0.33802545172311693,0.3381160579182032,0.35018159974664365,0.35026809565194617,0.354472579812953,0.3544886871410409,0.00028945329559282307,0.0002907303581926035,0.08555735833655201,0.08591150303851107
CODE,Test-3,TRIMBLE OEM MB2,OEM3,OEM,USABLE,MEETS_SOLUTION_QC,MODERATE,C:\IEEE\RTKLIB_DATA\CODE\OEM3.pos,466202,ECEF,C:\IEEE\Ground_Truth\GNSS_GT_v1_3_TRUTH_MODEL_B_LEVEL_TABLE.csv,4213629.251200865,2370579.0267578717,4146232.778311836,40.806624869547086,29.36201500816637,61.95084999874234,2023-06-05 12:08:39.000,2023-06-05 13:01:44.000,53.083333333333336,MCD_CHI2_99.73,993,31.167608286252353,68.83239171374764,3186,1.226837199014263,0.45870794428925554,-0.45389442662951235,1.3097871930352798,1.3862044010767571,0.03633682808299749,0.016095758439460827,0.011847819411448907,1.226837199014263,0.45870794428925554,0.45389442662951235,1.2273750297008208,0.4589901635957005,0.4540489811589723,1.3103898022385165,1.3868243980772041,1.356856950105577,1.4357172404230936,1.3591621647667076,1.4403694620940855,2193,1.2454464100749403,0.4660726955543585,-0.45964657739340387,1.329797171718252,1.4069952004251232,0.023325896364309522,0.012285708546813628,0.008842188281898412,1.2454464100749403,0.4660726955543585,0.45964657739340387,1.2456647260412033,0.46623451968760987,0.45973157902337997,1.330058358513506,1.407269825514273,1.357705203630234,1.4370634536390672,1.3592714563926487,1.4406000046130818,-0.019668556274989424,-0.020445427437068897,-1.5009698825028983,-1.4742621679728125
CODE,Test-3,XIAOMI-1,T13,Smartphone,USABLE,MEETS_SOLUTION_QC,HIGH,C:\IEEE\RTKLIB_DATA\CODE\T13.pos,535397,ECEF,C:\IEEE\Ground_Truth\GNSS_GT_v1_3_TRUTH_MODEL_B_LEVEL_TABLE.csv,4213629.450004504,2370578.6202026657,4146232.8697262257,40.80662564609365,29.362009653819914,61.99085000064224,2023-06-05 12:08:03.223,2023-06-05 13:09:02.001,60.97963333333333,MCD_CHI2_99.73,1598,43.66120218579235,56.33879781420765,3660,2.042250198165275,-0.0940361301095302,-0.817866282258727,2.04441401523079,2.2019386733802992,0.4167584814705448,0.046368272786096024,0.3169011315810384,2.042250198165275,0.0940361301095302,0.817866282258727,2.0843286804500423,0.10484380311148433,0.8770998483444414,2.0869638883309634,2.2637849754699175,2.8048716139502448,3.075648646054838,2.8076311899159627,3.081872002047214,2062,2.132717117472261,-0.0738124895984879,-0.9393097411296177,2.133994045628974,2.331573154880821,0.22983037866221717,0.030070653027711697,0.1556978869437915,2.132717117472261,0.0738124895984879,0.9393097411296177,2.1450591342051513,0.07969999539844841,0.9521201947832976,2.146539256222319,2.348225637330802,2.6028035833460863,2.869178557711313,2.6893923746567943,2.942881715035036,-0.05957536789135576,-0.08444066186088461,-2.854642968403291,-3.730065477767224
CODE,Test-3,XIAOMI-2,T23,Smartphone,USABLE,MEETS_SOLUTION_QC,HIGH,C:\IEEE\RTKLIB_DATA\CODE\T23.pos,534667,ECEF,C:\IEEE\Ground_Truth\GNSS_GT_v1_3_TRUTH_MODEL_B_LEVEL_TABLE.csv,4213629.844250305,2370579.1732667023,4146232.157660443,40.806617174854644,29.362013075283418,61.99084999971092,2023-06-05 12:08:29.001,2023-06-05 13:09:23.001,60.9,MCD_CHI2_99.73,1376,37.64705882352941,62.35294117647059,3655,-0.057703720725098245,0.47091673873594264,-4.567062611673623,0.47443892568719126,4.591639488587307,0.020356808136425972,0.03440918481336636,0.08993376936147159,0.057976922340662033,0.47091673873594264,4.567062611673623,0.061188280284623135,0.4721718361821222,4.567947763376557,0.47611999383326314,4.592693873693812,0.5204761563989247,4.700122721521474,0.5326824530521787,4.714838575111733,2279,-0.06804278614196725,0.47498873308792594,-4.583712131296871,0.47983759471974935,4.608759162714465,0.006926772922858777,0.015202308477779099,0.025762780754575002,0.06804278614196725,0.47498873308792594,4.583712131296871,0.06839429710080018,0.47523184377199906,4.58378449888702,0.4801281966421533,4.608861401414429,0.5039584925605678,4.647451953424103,0.5058575927799198,4.676002133378784,-0.004008202808890138,-0.016167527720616803,-0.8418471941537089,-0.35202711448332574
GFZ,Test-1,CHC I80,C1,Geodetic,USABLE,MEETS_SOLUTION_QC,LOW,C:\IEEE\RTKLIB_DATA\GFZ\CHC1.pos,817913,ECEF,C:\IEEE\Ground_Truth\GNSS_GT_v1_3_TRUTH_MODEL_B_LEVEL_TABLE.csv,4213630.344056461,2370585.555446905,4146228.139523509,40.80656880861399,29.362076089712488,62.06335000041872,2023-06-05 09:05:29.000,2023-06-05 10:38:49.000,93.33333333333333,MCD_CHI2_99.73,779,13.923145665773012,86.076854334227,5595,0.14778103527412864,0.03659295829497042,0.4006784648865838,0.15224414269018924,0.428627473696379,0.0030222780195578287,0.003007751918317981,0.007826911104958988,0.14778103527412864,0.03659295829497042,0.4006784648865838,0.14781193090736053,0.03671633902606185,0.40075488994166575,0.15230382946610055,0.42872011648882963,0.1571059524910044,0.4439156007352421,0.15805887555294648,0.4460220126985556,4816,0.14816449573837034,0.0375236218866813,0.3994012197117082,0.15284220620267228,0.4276471376077483,0.0028232913390013655,0.0019936545412108406,0.0071067000831465735,0.14816449573837034,0.0375236218866813,0.3994012197117082,0.14819138678171503,0.037576535665511904,0.39946442771079727,0.15288127141317656,0.4277201329785916,0.15744584274344292,0.4402322395840238,0.1580994503202944,0.4442569484799462,-0.0005774419470760128,0.0009999835102380006,-0.37913816684730084,0.23324856282176704
GFZ,Test-1,XIAOMI-1,T11,Smartphone,USABLE,MEETS_SOLUTION_QC,HIGH,C:\IEEE\RTKLIB_DATA\GFZ\T11.pos,769578,ECEF,C:\IEEE\Ground_Truth\GNSS_GT_v1_3_TRUTH_MODEL_B_LEVEL_TABLE.csv,4213629.714091625,2370585.4419688587,4146228.732775257,40.806576410572625,29.362078578271213,61.99335000105202,2023-06-05 09:08:38.000,2023-06-05 10:36:21.000,87.71666666666667,MCD_CHI2_99.73,2555,48.537234042553195,51.462765957446805,5264,4.410617347369771,0.1093761201909876,2.170607330305723,4.411973313675774,4.917015833100818,0.10442923316867142,0.15262439180094386,0.324018854225088,4.410617347369771,0.17173149843385047,2.170607330305723,4.411853213554655,0.18775759758190114,2.194653607223702,4.415846656463771,4.9311465349452215,4.5682167069657025,5.330195089628258,4.603012078866661,5.344183297203435,2709,4.323750493396699,0.21507136422823606,2.070446224430942,4.329096212936275,4.798731247852867,0.0396048154698317,0.02588933738601649,0.09244986036886321,4.323750493396699,0.21507136422823606,2.070446224430942,4.323931809307979,0.21662341074404953,2.0725084776454867,4.329354685588576,4.799854516914046,4.383126391861057,4.919212417639476,4.394327121385325,4.953899923161517,0.086491970875195,0.13129201803117585,1.9586724269193294,2.6625048982170294
GFZ,Test-1,XIAOMI-2,T21,Smartphone,USABLE,MEETS_SOLUTION_QC,HIGH,C:\IEEE\RTKLIB_DATA\GFZ\T21.pos,771914,ECEF,C:\IEEE\Ground_Truth\GNSS_GT_v1_3_TRUTH_MODEL_B_LEVEL_TABLE.csv,4213630.142251923,2370585.9540662337,4146228.009738437,40.8065678088207,29.362081379525588,61.99334999918938,2023-06-05 09:08:38.000,2023-06-05 10:36:37.001,87.98335,MCD_CHI2_99.73,2566,48.59848484848485,51.40151515151515,5280,4.963792691403861,-0.32805747456732337,2.3487903406604946,4.9746215524252575,5.501243100812208,0.04534956018792439,0.05661599828125841,0.06918720033288343,4.963792691403861,0.32805747456732337,2.3487903406604946,4.96399980623885,0.33290609907747726,2.3498089340340047,4.975150303974979,5.502156174956173,5.0254706845958195,5.540373642892276,5.026033473551828,5.606363446366147,2714,4.998986193329182,-0.37480016933244054,2.325556856127886,5.0130168689151064,5.526169814537989,0.009760775348443851,0.007381350866609196,0.013311140752470092,4.998986193329182,0.37480016933244054,2.325556856127886,4.998995719014672,0.374872820029608,2.3255949372720637,5.013031800210723,5.526199384947074,5.025799191038716,5.539881039017411,5.026121277297797,5.541919553957228,-0.03788149623574455,-0.024043209990900927,-0.7614141065341986,-0.4369779632998593
GFZ,Test-2,CHC I80,C2,Geodetic,USABLE,MEETS_SOLUTION_QC,HIGH,C:\IEEE\RTKLIB_DATA\GFZ\CHC2.pos,759221,ECEF,C:\IEEE\Ground_Truth\GNSS_GT_v1_3_TRUTH_MODEL_B_LEVEL_TABLE.csv,4213625.036634153,2370584.7316923365,4146233.981920026,40.806638227584614,29.362098422104026,62.074450000189245,2023-06-05 10:39:09.000,2023-06-05 12:05:41.000,86.53333333333333,MCD_CHI2_99.73,1829,35.22048911996919,64.77951088003081,5193,0.7364419731281066,0.3622508096848823,-0.22446554882971717,0.8207145843118493,0.8508567514650146,0.03451402578927514,0.015810832467215354,0.008171700643709413,0.7364419731281066,0.3622508096848823,0.22446554882971717,0.7372501396214372,0.3625956196678535,0.2246142169228274,0.8215919618485463,0.8517422721797939,0.8572830610929572,0.885893916803039,0.8601614789163455,0.8874221928876043,3364,0.7500355482199926,0.36876893895985086,-0.22324403390028927,0.8357893597882418,0.8650906036984292,0.01627918877292416,0.007291166510748736,0.006027619800559627,0.7500355482199926,0.36876893895985086,0.22324403390028927,0.7502121411987003,0.36884098965233786,0.22332536817888873,0.835979624422542,0.8652954134409189,0.8588100198605374,0.8867567666795455,0.8605658131188995,0.8878198998251048,-0.014387662573995708,-0.013553141261124946,-1.7511932007737867,-1.591225621154097
GFZ,Test-2,TRIMBLE OEM MB2,OEM2,OEM,USABLE,MEETS_SOLUTION_QC,HIGH,C:\IEEE\RTKLIB_DATA\GFZ\OEM2.pos,499487,ECEF,C:\IEEE\Ground_Truth\GNSS_GT_v1_3_TRUTH_MODEL_B_LEVEL_TABLE.csv,4213624.2258566925,2370584.9593601283,4146234.502740973,40.8066452788475,29.362105484888076,61.96445000078529,2023-06-05 11:05:35.000,2023-06-05 12:05:00.000,59.416666666666664,MCD_CHI2_99.73,1555,45.5477445811365,54.4522554188635,3414,-0.04438275046717501,0.5178491013832118,-1.0993347139812313,0.51974755443622,1.2160075385073181,0.23782276601606758,0.5158017223909961,0.8138950883295091,0.1239483979256166,0.5178491013832118,1.0993347139812313,0.2418944596204265,0.7308496282372372,1.3677602115066874,0.7698403137596562,1.5695292621899037,1.4563299628923756,2.8392154701425496,1.4804926247697234,2.868504557563893,1859,0.045330502696492914,0.16852843931997832,-0.552579573262096,0.17451844983939196,0.5794832820029102,0.010163427364239065,0.010493109578349856,0.025868607760846953,0.045330502696492914,0.16852843931997832,0.552579573262096,0.04645529211561935,0.16885461492059883,0.5531844264652266,0.17512845327225168,0.5802439011563956,0.19736273887925265,0.636420242820201,0.1992201324663606,0.6392151069671053,0.5947118604874045,0.9892853610335082,77.25132730228432,63.03070512066761
GFZ,Test-2,XIAOMI-1,T12,Smartphone,USABLE,MEETS_SOLUTION_QC,MODERATE,C:\IEEE\RTKLIB_DATA\GFZ\T12.pos,544446,ECEF,C:\IEEE\Ground_Truth\GNSS_GT_v1_3_TRUTH_MODEL_B_LEVEL_TABLE.csv,4213624.431924084,2370584.5546303685,4146234.585787047,40.806645955838704,29.36210010718615,62.004450000822544,2023-06-05 11:03:56.001,2023-06-05 12:05:58.001,62.03333333333333,MCD_CHI2_99.73,1293,34.739387426114995,65.26061257388501,3722,8.857581000789244,1.8977136721437415,-2.3203783171346353,9.058590307933342,9.351054159912263,0.30915780585071695,0.38045148535116485,1.02782232846452,8.857581000789244,1.8977136721437415,2.3203783171346353,8.862973206272759,1.9354641886526853,2.537772732650445,9.071841912239533,9.420117097109246,9.512066311681577,9.58871032271506,9.51769892881787,9.611084315820266,2429,8.883778828999434,1.7336939915184115,-2.5854277750516403,9.051365705726711,9.413376541858616,0.2195371744690883,0.15851765660515438,0.664664550608409,8.883778828999434,1.7336939915184115,2.5854277750516403,8.886489915113117,1.7409228468681461,2.66946321719449,9.055413594649039,9.440685845748124,9.403958454489144,9.601597806363472,9.416988824025697,9.612507400507738,0.01642831759049379,-0.02056874863887792,0.18109131254072075,-0.21834918214753252
GFZ,Test-2,XIAOMI-2,T22,Smartphone,USABLE,MEETS_SOLUTION_QC,HIGH,C:\IEEE\RTKLIB_DATA\GFZ\T22.pos,544008,ECEF,C:\IEEE\Ground_Truth\GNSS_GT_v1_3_TRUTH_MODEL_B_LEVEL_TABLE.csv,4213624.81077623,2370585.1252879505,4146233.879268708,40.80663755059349,29.36210379980534,62.00444999989122,2023-06-05 11:03:27.001,2023-06-05 12:05:25.001,61.96666666666667,MCD_CHI2_99.73,1490,40.06453347674106,59.93546652325894,3719,8.309768516076478,4.50153476992104,-4.9143056873274915,9.450717860331242,10.65206404712642,0.06657751790817795,0.16977845995839067,0.7275572117674715,8.309768516076478,4.50153476992104,4.9143056873274915,8.310035148228694,4.50473442720082,4.967856434224811,9.452476734930618,10.678432187145894,9.55845312540846,10.987248881506359,9.563165456417707,11.020356545384036,2229,8.277059072625056,4.476153035551947,-4.815190890509317,9.40986997197122,10.570322426560582,0.014746098924823012,0.06348381956788116,0.48044910210278013,8.277059072625056,4.476153035551947,4.815190890509317,8.277072202270826,4.476602996129381,4.83908990343278,9.410095569470004,10.581431364426273,9.447095483810743,10.896306156900037,9.458668330914792,10.905734111904582,0.04238116546061477,0.09700082271962174,0.448360431335416,0.9083807530883229
GFZ,Test-3,CHC I80,C3,Geodetic,USABLE,MEETS_SOLUTION_QC,HIGH,C:\IEEE\RTKLIB_DATA\GFZ\CHC3.pos,535403,ECEF,C:\IEEE\Ground_Truth\GNSS_GT_v1_3_TRUTH_MODEL_B_LEVEL_TABLE.csv,4213630.062844501,2370578.777845614,4146232.2686800687,40.806617951401094,29.362007720937548,62.06085000000894,2023-06-05 12:08:11.000,2023-06-05 13:09:10.000,60.983333333333334,MCD_CHI2_99.73,1534,41.91256830601093,58.08743169398907,3660,0.9384481998203401,0.2866292641092012,-0.4846980311913984,0.9812448006434578,1.0944284079969036,0.05142783913581368,0.016563856722487936,0.023876347950339667,0.9384481998203401,0.2866292641092012,0.4846980311913984,0.9398559058467847,0.28710733433889835,0.4852855918659682,0.9827307592551829,1.0960209171630673,1.030830448871252,1.1488364591000229,1.0347434905379984,1.1530244187418501,2126,0.9730402936657933,0.29829871588677304,-0.4890983212648661,1.0177374597591025,1.1291619480220811,0.013840561627209688,0.004212340452222257,0.0175240441665426,0.9730402936657933,0.29829871588677304,0.4890983212648661,0.9731386767256504,0.29832844209977966,0.48941201001006807,1.0178402347642932,1.1293904812097215,1.0336603042864771,1.1522431459185911,1.0348139854372553,1.1532507471969615,-0.035109475509110255,-0.033369564046654254,-3.5726444072758974,-3.0446101460387998
GFZ,Test-3,TRIMBLE OEM MB2,OEM3,OEM,USABLE,MEETS_SOLUTION_QC,MODERATE,C:\IEEE\RTKLIB_DATA\GFZ\OEM3.pos,465907,ECEF,C:\IEEE\Ground_Truth\GNSS_GT_v1_3_TRUTH_MODEL_B_LEVEL_TABLE.csv,4213629.251200865,2370579.0267578717,4146232.778311836,40.806624869547086,29.36201500816637,61.95084999874234,2023-06-05 12:08:39.000,2023-06-05 13:01:44.000,53.083333333333336,MCD_CHI2_99.73,954,29.962311557788944,70.03768844221105,3184,-0.2945396992450447,-0.0639612639662933,0.19392682040285067,0.30140450845919214,0.3584024126468553,0.027616715609169788,0.013737017809048246,0.015917964627380127,0.2945396992450447,0.0639612639662933,0.19392682040285067,0.29583116447779295,0.06541933719932877,0.1945788109990151,0.30297816349678813,0.36007871534662655,0.34335042235379626,0.40216724233827983,0.34862528268965615,0.4054680602092366,2230,-0.30126946658681175,-0.06573567510870437,0.18928860084258625,0.3083576989139386,0.36182128860591267,0.024002197121564085,0.013717383076412494,0.013951116952887806,0.30126946658681175,0.06573567510870437,0.18928860084258625,0.3022236566202353,0.06715103276064796,0.18980179344122922,0.30959392730111407,0.3631433885054698,0.34441270323504874,0.39743729808500583,0.34888801929252006,0.4029916460631425,-0.006615763804325936,-0.003064673158843234,-2.1835777628231843,-0.8511120008559945
GFZ,Test-3,XIAOMI-1,T13,Smartphone,USABLE,MEETS_SOLUTION_QC,MODERATE,C:\IEEE\RTKLIB_DATA\GFZ\T13.pos,535394,ECEF,C:\IEEE\Ground_Truth\GNSS_GT_v1_3_TRUTH_MODEL_B_LEVEL_TABLE.csv,4213629.450004504,2370578.6202026657,4146232.8697262257,40.80662564609365,29.362009653819914,61.99085000064224,2023-06-05 12:08:03.223,2023-06-05 13:09:02.001,60.97963333333333,MCD_CHI2_99.73,1183,32.322404371584696,67.6775956284153,3660,4.422445693329243,0.4958084380090329,-1.8212687106069514,4.4501518982667685,4.8084167491892,0.3200868256184566,0.12585243698704343,0.32471320303219636,4.422445693329243,0.4958084380090329,1.8212687106069514,4.434010993790398,0.5115276293082746,1.8499809653294093,4.46341954207756,4.831619146898997,4.912702593342253,5.414678455941991,4.916570772151136,5.416651163727623,2477,4.605515472056517,0.46053517981808106,-2.0072843418850597,4.628484137944305,5.0450030569246405,0.199162163539074,0.13892111237284716,0.1832395927361472,4.605515472056517,0.46053517981808106,2.0072843418850597,4.609818035149099,0.48102384140782684,2.015627351995885,4.634846950352152,5.05416262849768,4.914227650126017,5.415520884977777,4.917528566475317,5.41679997877272,-0.17142740827459235,-0.22254348159868353,-3.8407191315651925,-4.605981449127984
GFZ,Test-3,XIAOMI-2,T23,Smartphone,USABLE,MEETS_SOLUTION_QC,HIGH,C:\IEEE\RTKLIB_DATA\GFZ\T23.pos,534664,ECEF,C:\IEEE\Ground_Truth\GNSS_GT_v1_3_TRUTH_MODEL_B_LEVEL_TABLE.csv,4213629.844250305,2370579.1732667023,4146232.157660443,40.806617174854644,29.362013075283418,61.99084999971092,2023-06-05 12:08:29.001,2023-06-05 13:09:23.001,60.9,MCD_CHI2_99.73,1370,37.482900136798904,62.517099863201096,3655,2.634041703242496,1.2240581170293632,-7.788708221500394,2.9045643336455984,8.312669230033993,0.014488789573899017,0.04291784479894391,0.08453772218920635,2.634041703242496,1.2240581170293632,7.788708221500394,2.6340815405011515,1.2248100715280392,7.789166863717801,2.9049174296914946,8.313222341797726,2.9397484160391816,8.411991870157276,2.950321761809492,8.422927769516098,2285,2.6260987399998634,1.2306977410259878,-7.7828708938877815,2.900174395100291,8.30566619079535,0.005575304724130093,0.016680452685591183,0.022579979913537676,2.6260987399998634,1.2306977410259878,7.7828708938877815,2.6261046556921768,1.2308107269199868,7.782903634459763,2.9002276993624885,8.305715483414804,2.916387772397559,8.345011203925065,2.9170214533496277,8.36139945404992,0.004689730329006103,0.007506858382921422,0.16144108886097178,0.0903002238395331
GRG,Test-1,CHC I80,C1,Geodetic,USABLE,MEETS_SOLUTION_QC,LOW,C:\IEEE\RTKLIB_DATA\GRG\CHC1.pos,818205,ECEF,C:\IEEE\Ground_Truth\GNSS_GT_v1_3_TRUTH_MODEL_B_LEVEL_TABLE.csv,4213630.344056461,2370585.555446905,4146228.139523509,40.80656880861399,29.362076089712488,62.06335000041872,2023-06-05 09:05:29.000,2023-06-05 10:38:49.000,93.33333333333333,MCD_CHI2_99.73,1097,19.599785599428266,80.40021440057174,5597,0.07827110136990699,-0.008385516337519668,0.26786779676123795,0.07871900783105097,0.2791949833640013,0.0027815945096747873,0.0026913234032974673,0.006576395866561412,0.07827110136990699,0.008385516337519668,0.26786779676123795,0.07832050303259637,0.00880674808213706,0.2679484984043416,0.07881408508040401,0.2792992262864375,0.08447510040387725,0.29137911500954344,0.08522554918011069,0.2924834730654391,4500,0.0773861782735657,-0.008379784871647719,0.2666205125420559,0.0778385597392654,0.27775049791219414,0.0019555972798886464,0.0028489221425088695,0.006022377056881635,0.0773861782735657,0.008379784871647719,0.2666205125420559,0.07741087842578238,0.008850725859171172,0.266688504952539,0.07791520677560615,0.27783725113941415,0.08192627039337297,0.28910724376861213,0.08251375727569293,0.292161277822904,0.0008988783047978594,0.0014619751470233422,1.1405046494936126,0.5234440375871297
GRG,Test-1,XIAOMI-1,T11,Smartphone,USABLE,MEETS_SOLUTION_QC,HIGH,C:\IEEE\RTKLIB_DATA\GRG\T11.pos,756292,ECEF,C:\IEEE\Ground_Truth\GNSS_GT_v1_3_TRUTH_MODEL_B_LEVEL_TABLE.csv,4213629.714091625,2370585.4419688587,4146228.732775257,40.806576410572625,29.362078578271213,61.99335000105202,2023-06-05 09:08:38.000,2023-06-05 10:36:21.000,87.71666666666667,MCD_CHI2_99.73,2470,47.747921902184416,52.252078097815584,5173,5.831029387069768,0.6109218557604303,3.23312614374639,5.862945439513914,6.695314323322946,0.7681889194060717,0.37995387737662084,1.5723816372941017,5.831029387069768,0.6584400031780873,3.23312614374639,5.881403221421713,0.7194182061814536,3.5951370953831576,5.925239776442388,6.930618813853139,6.279111384002403,7.3556079756654595,10.307848142080417,16.046708198130595,2703,5.572161605883914,0.715689051622554,2.8934771950653984,5.617935188367626,6.319288413980067,0.2566743727875051,0.09756894792343987,0.2238786028723112,5.572161605883914,0.715689051622554,2.8934771950653984,5.578067973964847,0.7223067189981243,2.902122217313503,5.624639483423105,6.329208693249638,6.0770204103193795,6.924814853558783,6.087097314998794,6.944290391769561,0.3006002930192828,0.601410120603501,5.073217360998819,8.677581854615687
GRG,Test-1,XIAOMI-2,T21,Smartphone,USABLE,MEETS_SOLUTION_QC,HIGH,C:\IEEE\RTKLIB_DATA\GRG\T21.pos,771330,ECEF,C:\IEEE\Ground_Truth\GNSS_GT_v1_3_TRUTH_MODEL_B_LEVEL_TABLE.csv,4213630.142251923,2370585.9540662337,4146228.009738437,40.8065678088207,29.362081379525588,61.99334999918938,2023-06-05 09:08:38.000,2023-06-05 10:36:37.001,87.98335,MCD_CHI2_99.73,2256,42.759666413949965,57.240333586050035,5276,6.112893893906903,2.142128192132586,0.838630651298619,6.477359411804591,6.531422993421194,0.8029589230751136,0.23371400463261086,1.4646051905545572,6.112893893906903,2.148745143408715,0.8395788806251073,6.165394763298573,2.154837598179276,1.6875909345990312,6.531111518098316,6.74561938033694,6.568421620882349,6.612873271739174,6.58473078789592,6.628901549454686,3020,6.1618652108530325,2.102022705741134,0.7248958440739792,6.510536255345804,6.55076761280141,0.06753971424622963,0.04476675345469455,0.031614853907746675,6.1618652108530325,2.102022705741134,0.7248958440739792,6.1622352258943724,2.1024991924063583,0.7255846971811115,6.511040303463253,6.55134482271436,6.568846859875302,6.6132988761666835,6.575624293800037,6.619209965222988,0.020071214635063228,0.19427455762258017,0.3073169793448486,2.8800106657200137
GRG,Test-2,CHC I80,C2,Geodetic,USABLE,MEETS_SOLUTION_QC,LOW,C:\IEEE\RTKLIB_DATA\GRG\CHC2.pos,759221,ECEF,C:\IEEE\Ground_Truth\GNSS_GT_v1_3_TRUTH_MODEL_B_LEVEL_TABLE.csv,4213625.036634153,2370584.7316923365,4146233.981920026,40.806638227584614,29.362098422104026,62.074450000189245,2023-06-05 10:39:09.000,2023-06-05 12:05:41.000,86.53333333333333,MCD_CHI2_99.73,133,2.5611399961486616,97.43886000385133,5193,0.07823284092617658,0.016666326974072682,0.12159951888933992,0.07998839824741555,0.1455492591815777,0.003542407473886031,0.0021694290207155778,0.004466991502031766,0.07823284092617658,0.016666326974072682,0.12159951888933992,0.07831298508955276,0.0168069024743228,0.12168152351411195,0.08009616472976663,0.14567700151064783,0.08615769202901576,0.15254595204306667,0.08815332907857838,0.15380740802660492,5060,0.07806842350276764,0.016688531723614054,0.1218373474112598,0.07983223559000184,0.14566236666864085,0.003430204030915295,0.002192195159860163,0.004263581934964814,0.07806842350276764,0.016688531723614054,0.1218373474112598,0.07814373117880614,0.01683187039404791,0.1219119098472835,0.07993594049929949,0.14578157752651646,0.0857171176238893,0.15258827584467946,0.08788832815148685,0.15381627728322952,0.00016022423046714585,-0.00010457601586863485,0.20003982838344408,-0.07178622211069548
GRG,Test-2,TRIMBLE OEM MB2,OEM2,OEM,USABLE,MEETS_SOLUTION_QC,HIGH,C:\IEEE\RTKLIB_DATA\GRG\OEM2.pos,521679,ECEF,C:\IEEE\Ground_Truth\GNSS_GT_v1_3_TRUTH_MODEL_B_LEVEL_TABLE.csv,4213624.2258566925,2370584.9593601283,4146234.502740973,40.8066452788475,29.362105484888076,61.96445000078529,2023-06-05 11:05:35.000,2023-06-05 12:05:00.000,59.416666666666664,MCD_CHI2_99.73,1616,45.316881660123386,54.683118339876614,3566,0.04797568059229735,0.00487850491862216,0.3421192546840625,0.04822308304676462,0.3455011579779634,0.011932934329832737,0.009460291454735396,0.023304461402993585,0.04797568059229735,0.007824318291936234,0.3421192546840625,0.049437039947195664,0.010642923813951174,0.34291184005214764,0.050569682083736585,0.3466205746836155,0.07216768307127859,0.37061762521721153,0.07459313184842822,0.3730245300957619,1950,0.05435354905623794,0.009844940825483943,0.359088586375864,0.055237950313766576,0.3633123229678323,0.008236422442668487,0.008825316399294951,0.005090442880850752,0.05435354905623794,0.010151805205302282,0.359088586375864,0.05497374064596012,0.013220027524896573,0.35912464714305287,0.05654096999847377,0.363548337190518,0.0733438651643613,0.3723258426767089,0.07483905894298602,0.37313906213054043,-0.0059712879147371875,-0.016927762506902477,-11.808039261250524,-4.883657735076348
GRG,Test-2,XIAOMI-1,T12,Smartphone,USABLE,MEETS_SOLUTION_QC,HIGH,C:\IEEE\RTKLIB_DATA\GRG\T12.pos,461810,ECEF,C:\IEEE\Ground_Truth\GNSS_GT_v1_3_TRUTH_MODEL_B_LEVEL_TABLE.csv,4213624.431924084,2370584.5546303685,4146234.585787047,40.806645955838704,29.36210010718615,62.004450000822544,2023-06-05 11:03:56.001,2023-06-05 12:05:58.001,62.03333333333333,MCD_CHI2_99.73,1216,38.5297845373891,61.4702154626109,3156,7.368850410041206,1.361162387659086,0.5786526341998267,7.493511820978347,7.515820532863236,0.42231874738122904,0.5344496067593418,1.1839444538143766,7.368850410041206,1.361162387659086,1.1861534078342286,7.380938488942802,1.462295771011626,1.3176187593083475,7.524397776531737,7.638892661528699,8.2020882820634,8.427377179729984,8.3872690536093,8.600876207545998,1940,7.286726900013658,1.0274327721994212,-0.1744221130129627,7.358804727452146,7.360871557789875,0.3868793695525717,0.16767840728240335,0.8256992432151348,7.286726900013658,1.0274327721994212,0.8138626506933118,7.296984816317826,1.0410185670052985,0.8437125583727482,7.3708688135404135,7.418999794283496,7.9549578316368645,7.992984981587329,8.101533206446513,8.140512545681599,0.15352896299132368,0.21989286724520252,2.0404152937019586,2.8785961131858273
GRG,Test-2,XIAOMI-2,T22,Smartphone,USABLE,MEETS_SOLUTION_QC,HIGH,C:\IEEE\RTKLIB_DATA\GRG\T22.pos,544154,ECEF,C:\IEEE\Ground_Truth\GNSS_GT_v1_3_TRUTH_MODEL_B_LEVEL_TABLE.csv,4213624.81077623,2370585.1252879505,4146233.879268708,40.80663755059349,29.36210379980534,62.00444999989122,2023-06-05 11:03:27.001,2023-06-05 12:05:25.001,61.96666666666667,MCD_CHI2_99.73,1332,35.806451612903224,64.19354838709677,3720,5.540671107179863,2.8659888091402927,-0.9090419494079817,6.23802277745562,6.303910329140048,0.06954066794948251,0.02447576821844733,0.1852336365853635,5.540671107179863,2.8659888091402927,0.9090419494079817,5.541107373302042,2.86609329162691,0.9277173828190154,6.238458277392823,6.307061219074664,6.3462643722495455,6.442881435187403,6.362637235320455,6.458441114622426,2388,5.5271366247433384,2.8639225951196496,-0.8805761693097048,6.2250535659876896,6.287026824292402,0.005681570223507079,0.01720980793434879,0.1619135928240513,5.5271366247433384,2.8639225951196496,0.8805761693097048,5.527139543679144,2.8639742813612314,0.8953320184535222,6.225079936804047,6.289136637319015,6.23672644722027,6.324768000535281,6.248371479061521,6.341859659336761,0.013378340588776183,0.017924581755648816,0.2144494680241295,0.28419863281870295
GRG,Test-3,CHC I80,C3,Geodetic,USABLE,MEETS_SOLUTION_QC,LOW,C:\IEEE\RTKLIB_DATA\GRG\CHC3.pos,535403,ECEF,C:\IEEE\Ground_Truth\GNSS_GT_v1_3_TRUTH_MODEL_B_LEVEL_TABLE.csv,4213630.062844501,2370578.777845614,4146232.2686800687,40.806617951401094,29.362007720937548,62.06085000000894,2023-06-05 12:08:11.000,2023-06-05 13:09:10.000,60.983333333333334,MCD_CHI2_99.73,0,0.0,100.0,3660,-0.11220280769326857,-0.054992103728347654,0.037886943349275115,0.1249543977886411,0.13057190357451764,0.004239117182144163,0.0021760741986441992,0.009167144325950925,0.11220280769326857,0.054992103728347654,0.037886943349275115,0.11228283599406105,0.0550351294864456,0.038979918556123976,0.12504519477556522,0.13097990222588007,0.1315520998356318,0.13988539432641225,0.13277320727476208,0.14241508167252784,3660,-0.11220280769326857,-0.054992103728347654,0.037886943349275115,0.1249543977886411,0.13057190357451764,0.004239117182144163,0.0021760741986441992,0.009167144325950925,0.11220280769326857,0.054992103728347654,0.037886943349275115,0.11228283599406105,0.0550351294864456,0.038979918556123976,0.12504519477556522,0.13097990222588007,0.1315520998356318,0.13988539432641225,0.13277320727476208,0.14241508167252784,0.0,0.0,0.0,0.0
GRG,Test-3,TRIMBLE OEM MB2,OEM3,OEM,USABLE,MEETS_SOLUTION_QC,MODERATE,C:\IEEE\RTKLIB_DATA\GRG\OEM3.pos,466053,ECEF,C:\IEEE\Ground_Truth\GNSS_GT_v1_3_TRUTH_MODEL_B_LEVEL_TABLE.csv,4213629.251200865,2370579.0267578717,4146232.778311836,40.806624869547086,29.36201500816637,61.95084999874234,2023-06-05 12:08:39.000,2023-06-05 13:01:44.000,53.083333333333336,MCD_CHI2_99.73,671,21.067503924646783,78.93249607535321,3185,0.023231300540742857,-0.008858179846776436,0.0996077503730157,0.024862837227721125,0.10266384275578799,0.018385039464059935,0.010915417287613067,0.020098621941176485,0.023856059734585648,0.01104266867347086,0.0996077503730157,0.02962426160130174,0.014056182845220751,0.10161462349473348,0.03278983305234473,0.1067740832766879,0.04799602727524855,0.138520548720546,0.04959535532803065,0.1449328547715018,2514,0.029203131025197525,-0.005065581436704357,0.09123704658342384,0.029639213501149758,0.09593060849506059,0.015920507069024703,0.008878099375097084,0.012892717984242278,0.02928353065082129,0.00783312197489916,0.09123704658342384,0.03325935336993128,0.010220049467669415,0.09214312089179769,0.03479416614473709,0.09849359738271322,0.04844463035425679,0.12595209550322595,0.049841961935357594,0.12628689147405564,-0.0020043330923923616,0.008280485893974676,-6.112666353600224,7.755145855494845
GRG,Test-3,XIAOMI-1,T13,Smartphone,USABLE,MEETS_SOLUTION_QC,HIGH,C:\IEEE\RTKLIB_DATA\GRG\T13.pos,534518,ECEF,C:\IEEE\Ground_Truth\GNSS_GT_v1_3_TRUTH_MODEL_B_LEVEL_TABLE.csv,4213629.450004504,2370578.6202026657,4146232.8697262257,40.80662564609365,29.362009653819914,61.99085000064224,2023-06-05 12:08:03.223,2023-06-05 13:09:02.001,60.97963333333333,MCD_CHI2_99.73,1427,39.05309250136836,60.94690749863164,3654,4.044796984838164,0.7246347798352284,0.8157969515570701,4.1091943508068285,4.1893917075003335,1.2306907470199562,0.28533183553794017,0.7670708529680004,4.044796984838164,0.7246347798352284,1.0481222865142268,4.227832524921258,0.7787730989575594,1.119714843727988,4.2989598042366035,4.4423886288467385,7.299953842163986,7.735946723902148,7.788549388617073,8.003433390342968,2227,3.3061480665826655,0.6446456421033385,1.0894862133913208,3.368409571600687,3.5402207913096158,0.47749355567175966,0.04297735663592409,0.19101416100896867,3.3061480665826655,0.6446456421033385,1.0894862133913208,3.340436012551375,0.646076023139301,1.1060968471233517,3.402341396983205,3.5776217263486427,3.899137409479093,4.0477431832079205,4.041313199320389,4.126369641563217,0.8966184072533987,0.8647669024980957,20.85663621161998,19.466259590228436
GRG,Test-3,XIAOMI-2,T23,Smartphone,USABLE,MEETS_SOLUTION_QC,MODERATE,C:\IEEE\RTKLIB_DATA\GRG\T23.pos,534664,ECEF,C:\IEEE\Ground_Truth\GNSS_GT_v1_3_TRUTH_MODEL_B_LEVEL_TABLE.csv,4213629.844250305,2370579.1732667023,4146232.157660443,40.806617174854644,29.362013075283418,61.99084999971092,2023-06-05 12:08:29.001,2023-06-05 13:09:23.001,60.9,MCD_CHI2_99.73,1254,34.309165526675784,65.69083447332422,3655,0.8236949555517812,1.2223712927237445,-3.614916786496562,1.4739962540917697,3.9038811880449438,0.06822859322092696,0.07318607476055351,0.09462460919813422,0.8236949555517812,1.2223712927237445,3.614916786496562,0.8265151221229938,1.2245596405928778,3.6161546897520696,1.4773874104198077,3.9063087820451203,1.6398537501696335,4.023504354684669,1.6511245125567506,4.040317549751227,2401,0.8154470030404555,1.1966942622498018,-3.656367323001632,1.4481129003186382,3.9326902970846027,0.011379142423763486,0.022653489622285982,0.04114409225111363,0.8154470030404555,1.1966942622498018,3.656367323001632,0.8155263611437691,1.1969085696733375,3.656598710822203,1.4483346884880828,3.9329870965799607,1.484078457907125,4.006204734005065,1.4863627949378653,4.025116605313357,0.029052721931724923,-0.026678314534840375,1.9664931301580155,-0.6829545748524553
IGS,Test-1,CHC I80,C1,Geodetic,USABLE,MEETS_SOLUTION_QC,LOW,C:\IEEE\RTKLIB_DATA\IGS\CHC1.pos,817613,ECEF,C:\IEEE\Ground_Truth\GNSS_GT_v1_3_TRUTH_MODEL_B_LEVEL_TABLE.csv,4213630.344056461,2370585.555446905,4146228.139523509,40.80656880861399,29.362076089712488,62.06335000041872,2023-06-05 09:05:29.000,2023-06-05 10:38:49.000,93.33333333333333,MCD_CHI2_99.73,71,1.2694439477918826,98.73055605220812,5593,0.24582961912019824,0.004896754436325075,0.36734155504283117,0.24587838424878142,0.4420361952397979,0.006338655828912482,0.002797049513444373,0.007885973500046897,0.24582961912019824,0.004950162707022585,0.36734155504283117,0.24591131127050062,0.005639174690569647,0.3674261769666485,0.24597596082131243,0.44216079521175855,0.25877494522460404,0.4575028397928282,0.26268506818150583,0.46196389533806526,5522,0.24565059403662381,0.004846363927117533,0.36725477368354065,0.24569839558666276,0.44186397271921696,0.006090585523971469,0.0027639553896800758,0.00786805724699545,0.24565059403662381,0.0048982679741120475,0.36725477368354065,0.2457260728226742,0.00557900611697426,0.36733903128763573,0.24578939800997804,0.44198460615890917,0.2583235162288151,0.4574369622956156,0.26179654285854453,0.4615504998234402,0.0001865628113343898,0.0001761890528493848,0.07584595287745093,0.039847280617677734
IGS,Test-1,XIAOMI-1,T11,Smartphone,USABLE,MEETS_SOLUTION_QC,HIGH,C:\IEEE\RTKLIB_DATA\IGS\T11.pos,756138,ECEF,C:\IEEE\Ground_Truth\GNSS_GT_v1_3_TRUTH_MODEL_B_LEVEL_TABLE.csv,4213629.714091625,2370585.4419688587,4146228.732775257,40.806576410572625,29.362078578271213,61.99335000105202,2023-06-05 09:08:38.000,2023-06-05 10:36:21.000,87.71666666666667,MCD_CHI2_99.73,2470,47.75715390564579,52.24284609435421,5172,5.911429643905819,0.6539585645171879,3.3035886124517235,5.947492096586078,6.8034079665469545,0.7733268043890903,0.3884108077008376,1.604878785565222,5.911429643905819,0.6983590254502581,3.3035886124517235,5.961788251188662,0.7605889760393543,3.672715023053266,6.010109378579041,7.043454435363723,6.375117858984521,7.425004473323807,10.374032489589467,16.256470799157402,2702,5.654728347305713,0.7616339523707681,2.962154479705147,5.705789950499993,6.428872227760012,0.2570850603656242,0.09903892389870263,0.22591959885433288,5.654728347305713,0.7616339523707681,2.962154479705147,5.660567193260473,0.7680438501055536,2.9707541024454343,5.7124348841016745,6.4387337452559805,6.164442068683754,7.0366184088038795,6.174772306048356,7.056680811059511,0.2976744944773664,0.6047206901077429,4.952896457064896,8.585569703859598
IGS,Test-1,XIAOMI-2,T21,Smartphone,USABLE,MEETS_SOLUTION_QC,HIGH,C:\IEEE\RTKLIB_DATA\IGS\T21.pos,771322,ECEF,C:\IEEE\Ground_Truth\GNSS_GT_v1_3_TRUTH_MODEL_B_LEVEL_TABLE.csv,4213630.142251923,2370585.9540662337,4146228.009738437,40.8065678088207,29.362081379525588,61.99334999918938,2023-06-05 09:08:38.000,2023-06-05 10:36:37.001,87.98335,MCD_CHI2_99.73,2255,42.7407126611069,57.2592873388931,5276,6.239091665580951,2.2368178195620474,0.7935802960093319,6.627942272638771,6.675281900837317,0.7870919101450551,0.25066201156529516,1.4954337578734698,6.239091665580951,2.245261419685146,0.7946049941145591,6.288534095116816,2.2508161837510543,1.6928283857005806,6.679209126721691,6.890392042686393,6.7210189221173255,6.758786330510992,6.7366128446518125,6.77415969845865,3021,6.290598182848428,2.1983024126565516,0.67338519876559,6.66364457302065,6.697582147421869,0.06764568256106976,0.045177163572405005,0.03139620606274581,6.290598182848428,2.1983024126565516,0.67338519876559,6.290961764445504,2.1987664264318454,0.6741164746405612,6.664140883843854,6.698149501250398,6.721449302100711,6.759266721345017,6.728093264674344,6.765045815274538,0.015068242877837257,0.19224254143599495,0.2255992078096991,2.7900087577751864
IGS,Test-2,CHC I80,C2,Geodetic,USABLE,MEETS_SOLUTION_QC,MODERATE,C:\IEEE\RTKLIB_DATA\IGS\CHC2.pos,759213,ECEF,C:\IEEE\Ground_Truth\GNSS_GT_v1_3_TRUTH_MODEL_B_LEVEL_TABLE.csv,4213625.036634153,2370584.7316923365,4146233.981920026,40.806638227584614,29.362098422104026,62.074450000189245,2023-06-05 10:39:09.000,2023-06-05 12:05:41.000,86.53333333333333,MCD_CHI2_99.73,1165,22.434045830926248,77.56595416907375,5193,0.02806920053873075,0.053917153213009106,0.09417416640780214,0.060786013436304416,0.11208797013097788,0.011594487457929825,0.002439888565794625,0.006819930029738839,0.02806920053873075,0.053917153213009106,0.09417416640780214,0.030369166454035947,0.05397231994686639,0.09442073981731586,0.06192977952132442,0.11291843826058306,0.06923411810308462,0.1222070690836713,0.07004246875521887,0.12322012573628095,4028,0.030866143748866558,0.05379934913494358,0.09492321116176182,0.06202490465344746,0.11339093797358621,0.009490147689186781,0.002708527813139633,0.004639620851421522,0.030866143748866558,0.05379934913494358,0.09492321116176182,0.03229178492863099,0.053867469487403515,0.09503650222306026,0.06280496511306498,0.11391400439650538,0.06917201830742224,0.12203949763586355,0.06979646160976243,0.12285573262850048,-0.0008751855917405599,-0.0009955661359223184,-1.413190226907243,-0.8816683539537095
IGS,Test-2,TRIMBLE OEM MB2,OEM2,OEM,FAILED,INSUFFICIENT_CLEAN_EPOCHS,NOT_APPLICABLE,C:\IEEE\RTKLIB_DATA\IGS\OEM2.pos,4247,ECEF,C:\IEEE\Ground_Truth\GNSS_GT_v1_3_TRUTH_MODEL_B_LEVEL_TABLE.csv,4213624.2258566925,2370584.9593601283,4146234.502740973,40.8066452788475,29.362105484888076,61.96445000078529,2023-06-05 12:03:05.000,2023-06-05 12:04:00.000,0.9166666666666666,NONE_SMALL_SAMPLE,0,0.0,100.0,22,4.22454339969425,1.298389647649734,-2.402304559215763,4.419568147797277,5.030273333354073,0.008507138640889634,0.005038801918303542,0.012133652388737055,4.22454339969425,1.298389647649734,2.402304559215763,4.224551575930712,1.2983989805061709,2.402333808753486,4.419578705066596,5.030296577634181,4.429486025407587,5.036518648620918,4.4305032996894536,5.04810177213673,22,4.22454339969425,1.298389647649734,-2.402304559215763,4.419568147797277,5.030273333354073,0.008507138640889634,0.005038801918303542,0.012133652388737055,4.22454339969425,1.298389647649734,2.402304559215763,4.224551575930712,1.2983989805061709,2.402333808753486,4.419578705066596,5.030296577634181,4.429486025407587,5.036518648620918,4.4305032996894536,5.04810177213673,0.0,0.0,0.0,0.0
IGS,Test-2,XIAOMI-1,T12,Smartphone,USABLE,MEETS_SOLUTION_QC,HIGH,C:\IEEE\RTKLIB_DATA\IGS\T12.pos,462386,ECEF,C:\IEEE\Ground_Truth\GNSS_GT_v1_3_TRUTH_MODEL_B_LEVEL_TABLE.csv,4213624.431924084,2370584.5546303685,4146234.585787047,40.806645955838704,29.36210010718615,62.004450000822544,2023-06-05 11:03:56.001,2023-06-05 12:05:58.001,62.03333333333333,MCD_CHI2_99.73,1219,38.575949367088604,61.424050632911396,3160,7.4415654884676465,1.3756053263011128,0.4965835403336163,7.567640777210604,7.583916016506972,0.4261007261468866,0.5371240332275476,1.1767681466612416,7.4415654884676465,1.3756053263011128,1.1606285352478911,7.453750820338757,1.4767196560774476,1.2770827150081896,7.598625022617329,7.705195811614321,8.278464867976334,8.481574099740444,8.467244862125456,8.657561255082681,1941,7.356979174447624,1.0377693134262895,-0.2566296260457278,7.429812091913585,7.4342428320649905,0.3896699110890268,0.16715315985825993,0.81073091222819,7.356979174447624,1.0377693134262895,0.8244534156488149,7.367286269976658,1.0511379224468083,0.85017924290012,7.441894779946326,7.490300572129972,8.030412249380815,8.059565704596421,8.17520511917144,8.20437132410709,0.15673024267100288,0.21489523948434908,2.062613199157675,2.788965325974321
IGS,Test-2,XIAOMI-2,T22,Smartphone,USABLE,MEETS_SOLUTION_QC,HIGH,C:\IEEE\RTKLIB_DATA\IGS\T22.pos,544146,ECEF,C:\IEEE\Ground_Truth\GNSS_GT_v1_3_TRUTH_MODEL_B_LEVEL_TABLE.csv,4213624.81077623,2370585.1252879505,4146233.879268708,40.80663755059349,29.36210379980534,62.00444999989122,2023-06-05 11:03:27.001,2023-06-05 12:05:25.001,61.96666666666667,MCD_CHI2_99.73,1325,35.61827956989247,64.38172043010752,3720,5.565954687031941,2.941026355876924,-1.0187063032359547,6.295195596965637,6.377087904075668,0.07314947631188569,0.022341432807334714,0.19102704223723418,5.565954687031941,2.941026355876924,1.0187063032359547,5.56643521345377,2.941111189908546,1.036457453840256,6.29566009382522,6.380405948731194,6.406666192030454,6.522897718584836,6.422671650127076,6.537666464224173,2395,5.5531324922246394,2.9386337358836885,-0.994371628148531,6.2827421330080675,6.360945184855904,0.01493804585335921,0.013439315958781069,0.1692765897927194,5.5531324922246394,2.9386337358836885,0.994371628148531,5.553152575631582,2.9386644540460405,1.008671172578718,6.282774252009807,6.363227941548905,6.30005997866846,6.410943383576567,6.317686644226934,6.430258063572374,0.012885841815413634,0.0171780071822889,0.2046781691415021,0.26923063078306037
IGS,Test-3,CHC I80,C3,Geodetic,USABLE,MEETS_SOLUTION_QC,LOW,C:\IEEE\RTKLIB_DATA\IGS\CHC3.pos,535395,ECEF,C:\IEEE\Ground_Truth\GNSS_GT_v1_3_TRUTH_MODEL_B_LEVEL_TABLE.csv,4213630.062844501,2370578.777845614,4146232.2686800687,40.806617951401094,29.362007720937548,62.06085000000894,2023-06-05 12:08:11.000,2023-06-05 13:09:10.000,60.983333333333334,MCD_CHI2_99.73,673,18.387978142076502,81.6120218579235,3660,-0.3249725279068524,-0.0004576086640742614,0.004304333163816474,0.3249728500965263,0.3250013547415526,0.006251756191653287,0.00447117314077151,0.016046957519232966,0.3249725279068524,0.0035858121899989825,0.014059477344491596,0.3250326409313946,0.004493921763446791,0.016612097191324157,0.3250637060695224,0.3254879026580663,0.3354014076360851,0.3362082908729347,0.3369484110532676,0.3374416349998339,2987,-0.32568684938534914,0.00013293290613683017,0.005165541573511664,0.32568687651441014,0.32572783785464254,0.005096689207485884,0.004047746064312064,0.012656056391818202,0.32568684938534914,0.0033204448868040123,0.011530386408531358,0.3257267127624035,0.004049251063281314,0.013667661059870198,0.3257518807945317,0.32603848361814936,0.3355554070634985,0.3362957307658079,0.33700918077196035,0.33754477859136156,-0.0006881747250093162,-0.0005505809600830358,-0.21170457118400482,-0.16915558322959723
IGS,Test-3,TRIMBLE OEM MB2,OEM3,OEM,USABLE,MEETS_SOLUTION_QC,MODERATE,C:\IEEE\RTKLIB_DATA\IGS\OEM3.pos,332017,ECEF,C:\IEEE\Ground_Truth\GNSS_GT_v1_3_TRUTH_MODEL_B_LEVEL_TABLE.csv,4213629.251200865,2370579.0267578717,4146232.778311836,40.806624869547086,29.36201500816637,61.95084999874234,2023-06-05 12:13:13.000,2023-06-05 12:51:55.000,38.7,MCD_CHI2_99.73,766,33.78914865460962,66.21085134539038,2267,0.5821915728700332,0.6851888355139238,-0.8267571027136521,0.8991277817050312,1.2214573568984233,0.06985877761181176,0.04834494697050309,0.060901369002690255,0.5821915728700332,0.6851888355139238,0.8267571027136521,0.5863660320959366,0.6868915076120251,0.828996168604658,0.9031307030687494,1.2259199461574384,1.0032383451942029,1.3142867469101958,1.0073573597526475,1.3232368905093512,1501,0.5514986421227586,0.6638655463004788,-0.847043862483627,0.8630574811842371,1.2092772720924103,0.06561517678717449,0.04556444792962269,0.0565160277951947,0.5514986421227586,0.6638655463004788,0.847043862483627,0.5553856636302293,0.665426328997277,0.8489259322304278,0.866744157574069,1.2132273789781056,0.9486247322235085,1.319136010074807,0.9515839904999448,1.3237215193994463,0.036386545494680456,0.012692567179332759,4.028934612791099,1.0353504092266983
IGS,Test-3,XIAOMI-1,T13,Smartphone,USABLE,MEETS_SOLUTION_QC,HIGH,C:\IEEE\RTKLIB_DATA\IGS\T13.pos,534510,ECEF,C:\IEEE\Ground_Truth\GNSS_GT_v1_3_TRUTH_MODEL_B_LEVEL_TABLE.csv,4213629.450004504,2370578.6202026657,4146232.8697262257,40.80662564609365,29.362009653819914,61.99085000064224,2023-06-05 12:08:03.223,2023-06-05 13:09:02.001,60.97963333333333,MCD_CHI2_99.73,1427,39.05309250136836,60.94690749863164,3654,4.0398353054460046,0.7272338432268062,0.7704548945522368,4.104770195499675,4.176450538723276,1.2254814272762053,0.28847740716766557,0.7853861932201933,4.0398353054460046,0.7272338432268062,1.0153034246395487,4.221571155481193,0.7823461525146933,1.1001197239908085,4.293451819124719,4.432154321575341,7.293530899639083,7.766377288067591,7.786643103794516,8.039503869262816,2227,3.3053309243801987,0.6440228896036463,1.0525536645246931,3.3674883818652575,3.528150679704858,0.47396854059142063,0.04308045967969762,0.19232759600726923,3.3053309243801987,0.6440228896036463,1.0525536645246931,3.3391253081059187,0.6454615209016705,1.0699731357115307,3.400937870381955,3.5652799201945573,3.895978344248682,4.034631197247254,4.032860501270714,4.109967933487205,0.8925139487427645,0.8668744013807839,20.78779467763344,19.55875943129766
IGS,Test-3,XIAOMI-2,T23,Smartphone,USABLE,MEETS_SOLUTION_QC,MODERATE,C:\IEEE\RTKLIB_DATA\IGS\T23.pos,534656,ECEF,C:\IEEE\Ground_Truth\GNSS_GT_v1_3_TRUTH_MODEL_B_LEVEL_TABLE.csv,4213629.844250305,2370579.1732667023,4146232.157660443,40.806617174854644,29.362013075283418,61.99084999971092,2023-06-05 12:08:29.001,2023-06-05 13:09:23.001,60.9,MCD_CHI2_99.73,1187,32.47606019151847,67.52393980848153,3655,0.7706273974108917,1.2325474651178625,-3.7831554775254888,1.4536298839143178,4.052814479659766,0.06758705680636573,0.0742694247068583,0.09784302563511646,0.7706273974108917,1.2325474651178625,3.7831554775254888,0.7735847374983724,1.2347824472608964,3.7844201676841065,1.4570933525872782,4.055238222808647,1.630474732114056,4.168412172786846,1.6419353684295854,4.183275973911418,2468,0.7615752768537739,1.2063026127340932,-3.8270803886473557,1.4265913555759413,4.084324570473458,0.011030109992943517,0.0210132716916626,0.0466723880979461,0.7615752768537739,1.2063026127340932,3.8270803886473557,0.7616551164044231,1.206485545774654,3.827364854617034,1.426788662874849,4.084660037122535,1.4608888903150659,4.161982141343196,1.4630480491905216,4.181182443206584,0.030304689712429278,-0.029421814313887573,2.079804266392332,-0.7255261638737983
JAX,Test-1,CHC I80,C1,Geodetic,USABLE,MEETS_SOLUTION_QC,HIGH,C:\IEEE\RTKLIB_DATA\JAX\CHC1.pos,818789,ECEF,C:\IEEE\Ground_Truth\GNSS_GT_v1_3_TRUTH_MODEL_B_LEVEL_TABLE.csv,4213630.344056461,2370585.555446905,4146228.139523509,40.80656880861399,29.362076089712488,62.06335000041872,2023-06-05 09:05:29.000,2023-06-05 10:38:49.000,93.33333333333333,MCD_CHI2_99.73,2231,39.832172826281024,60.167827173718976,5601,-0.0046966671006094425,0.6158133165615712,2.517814661405685,0.615831226503184,2.592033712883735,0.0013084030445833727,0.005030260439786902,0.03778376160497071,0.0046966671006094425,0.6158133165615712,2.517814661405685,0.004875478923743253,0.6158338573486968,2.518098097164829,0.6158531563219521,2.5923142435084605,0.6226886503199464,2.655781242647249,0.6236170425948303,2.665159395542359,3370,-0.005270569771415806,0.6135163832293171,2.5147580499852715,0.6135390219020284,2.5885204618395856,0.0005025815722567709,0.004513283239662884,0.04051390765067484,0.005270569771415806,0.6135163832293171,2.5147580499852715,0.005294470606220712,0.6135329788788494,2.5150842808191243,0.6135558227178313,2.5888413793074316,0.6201263883673356,2.6470042801054228,0.620711620434612,2.6519392756900677,0.002297333604120877,0.00347286420102888,0.3730326914034504,0.13396771667344912
JAX,Test-1,XIAOMI-1,T11,Smartphone,USABLE,MEETS_SOLUTION_QC,HIGH,C:\IEEE\RTKLIB_DATA\JAX\T11.pos,769578,ECEF,C:\IEEE\Ground_Truth\GNSS_GT_v1_3_TRUTH_MODEL_B_LEVEL_TABLE.csv,4213629.714091625,2370585.4419688587,4146228.732775257,40.806576410572625,29.362078578271213,61.99335000105202,2023-06-05 09:08:38.000,2023-06-05 10:36:21.000,87.71666666666667,MCD_CHI2_99.73,1879,35.69528875379939,64.30471124620061,5264,8.019571424926912,3.8685164010425175,2.7099430592507083,8.90387247126997,9.307133627977,0.23990416040840537,0.1424181228250136,0.8375990125336618,8.019571424926912,3.8685164010425175,2.7099430592507083,8.0231582878673,3.871136553223786,2.836411502727122,8.908241528263536,9.34890353670856,9.069075835637491,9.650412288999792,9.119731341048864,9.686458060112503,3385,7.954572876082867,3.8650765409449663,3.150494606299294,8.84387055017634,9.388272608557834,0.04314070815003088,0.033653906483526064,0.46351655132977,7.954572876082867,3.8650765409449663,3.150494606299294,7.954689824989962,3.865223010150283,3.1843995332231954,8.844039751719462,9.399863803118967,8.915409682970216,9.670024468994042,8.93813962235061,9.686667219647067,0.06420177654407411,-0.05096026641040652,0.7207008963596075,-0.545093509739517
JAX,Test-1,XIAOMI-2,T21,Smartphone,USABLE,MEETS_SOLUTION_QC,MODERATE,C:\IEEE\RTKLIB_DATA\JAX\T21.pos,771914,ECEF,C:\IEEE\Ground_Truth\GNSS_GT_v1_3_TRUTH_MODEL_B_LEVEL_TABLE.csv,4213630.142251923,2370585.9540662337,4146228.009738437,40.8065678088207,29.362081379525588,61.99334999918938,2023-06-05 09:08:38.000,2023-06-05 10:36:37.001,87.98335,MCD_CHI2_99.73,1788,33.86363636363637,66.13636363636364,5280,6.440013425038222,4.4085590608325,1.9881502067520067,7.8044324526208095,8.053689039944919,0.235456951515077,0.2345491725516434,0.6403389875311057,6.440013425038222,4.414176219576507,1.9881502067520067,6.444315509865563,4.4147928476888545,2.088707161284768,7.811504226376538,8.085931973761639,7.83264287863165,8.077325527511917,7.839288641984033,8.087092043589072,3492,6.445267117157725,4.421171282719905,1.9067910275363693,7.815895580332545,8.045127453642671,0.016729542117744554,0.003618707533811526,0.02998777329737,6.445267117157725,4.421171282719905,1.9067910275363693,6.4452888227717064,4.421172763242957,1.9070267517050243,7.8159143170448875,8.045201529054811,7.8339338707463195,8.07846190078127,7.839080929145783,8.087428366543932,-0.004410090668349298,0.04073044470682774,-0.05645635642694867,0.5037198536791501
JAX,Test-2,CHC I80,C2,Geodetic,USABLE,MEETS_SOLUTION_QC,HIGH,C:\IEEE\RTKLIB_DATA\JAX\CHC2.pos,759221,ECEF,C:\IEEE\Ground_Truth\GNSS_GT_v1_3_TRUTH_MODEL_B_LEVEL_TABLE.csv,4213625.036634153,2370584.7316923365,4146233.981920026,40.806638227584614,29.362098422104026,62.074450000189245,2023-06-05 10:39:09.000,2023-06-05 12:05:41.000,86.53333333333333,MCD_CHI2_99.73,2265,43.616406701328714,56.383593298671286,5193,-0.015881312108486152,-0.22011065353196052,-0.6011848828169744,0.22068284000473148,0.6404093840663276,0.006126753586829785,0.005496720233111182,0.020333615491179843,0.015881312108486152,0.22011065353196052,0.6011848828169744,0.017021925725235323,0.22017926313207575,0.6015285858782363,0.22083626031242987,0.6407849042365542,0.2273243760570938,0.6585183006049568,0.22773325192072216,0.663370253070284,2928,-0.017584953874675645,-0.22372409797200948,-0.6138298901272325,0.22441413194396598,0.653566245020177,0.004231537758694367,0.0013815296111498133,0.005073028003853373,0.017584953874675645,0.22372409797200948,0.6138298901272325,0.01808674650595539,0.22372836205006125,0.6138508457575447,0.22445825978291373,0.6536010795753224,0.22748603609384166,0.6585183006049568,0.22773087418043167,0.6589036870784715,-0.003621999470483861,-0.012816175338768221,-1.640128964944257,-2.000074479600562
JAX,Test-2,TRIMBLE OEM MB2,OEM2,OEM,USABLE,MEETS_SOLUTION_QC,HIGH,C:\IEEE\RTKLIB_DATA\JAX\OEM2.pos,521679,ECEF,C:\IEEE\Ground_Truth\GNSS_GT_v1_3_TRUTH_MODEL_B_LEVEL_TABLE.csv,4213624.2258566925,2370584.9593601283,4146234.502740973,40.8066452788475,29.362105484888076,61.96445000078529,2023-06-05 11:05:35.000,2023-06-05 12:05:00.000,59.416666666666664,MCD_CHI2_99.73,1326,37.184520471116095,62.815479528883905,3566,-0.3006105045336583,-0.3856304048758174,0.7137505059552242,0.4889555037021952,0.8651689253273062,0.011445037488548467,0.005565068121198823,0.027478803595674884,0.3006105045336583,0.3856304048758174,0.7137505059552242,0.30082823601911746,0.3856705465330277,0.7142791174693783,0.48912104641842813,0.8656985940281363,0.49871801721355197,0.9288498905269964,0.499213786988583,0.9592171458466288,2240,-0.30399989089302415,-0.38901509530174555,0.7087367157635998,0.4937091026460792,0.863745570354471,0.007152783572128155,0.0021288072507026404,0.008728810476660373,0.30399989089302415,0.38901509530174555,0.7087367157635998,0.30408399026499583,0.38902091739365735,0.7087904418016416,0.49376547804123044,0.8638218784533367,0.4987849815578331,0.8704993040285505,0.4989971348765867,0.8706105137709848,-0.004644431622802314,0.0018767155747996256,-0.9495464684684912,0.2167862565269027
JAX,Test-2,XIAOMI-1,T12,Smartphone,USABLE,MEETS_SOLUTION_QC,MODERATE,C:\IEEE\RTKLIB_DATA\JAX\T12.pos,544446,ECEF,C:\IEEE\Ground_Truth\GNSS_GT_v1_3_TRUTH_MODEL_B_LEVEL_TABLE.csv,4213624.431924084,2370584.5546303685,4146234.585787047,40.806645955838704,29.36210010718615,62.004450000822544,2023-06-05 11:03:56.001,2023-06-05 12:05:58.001,62.03333333333333,MCD_CHI2_99.73,1211,32.53627082213863,67.46372917786137,3722,5.36434283337701,3.9398507352837386,-11.676134519457632,6.655719183553277,13.439892676907402,1.2242066391885298,1.4790949981134853,3.20959100529983,5.36434283337701,3.9398507352837386,11.676134519457632,5.50222257587245,4.2082725729753,12.109121521078317,6.9270492507918995,13.950442119701393,7.477971152141128,18.534599097574834,7.484137258248029,18.627777123744966,2511,4.6486884414180825,4.791973380193693,-9.755839776086642,6.676324819978357,11.821578694850079,0.5071747866925481,0.6429869309360766,1.190173330344407,4.6486884414180825,4.791973380193693,9.755839776086642,4.676262187886817,4.83490190401163,9.828141135029323,6.726344064294904,11.909494642566946,6.926759861284718,13.780799200674462,6.945114667884326,14.772231470716337,0.20070518649699576,2.0409474771344467,2.897412436818623,14.629984194207982
JAX,Test-2,XIAOMI-2,T22,Smartphone,USABLE,MEETS_SOLUTION_QC,HIGH,C:\IEEE\RTKLIB_DATA\JAX\T22.pos,544154,ECEF,C:\IEEE\Ground_Truth\GNSS_GT_v1_3_TRUTH_MODEL_B_LEVEL_TABLE.csv,4213624.81077623,2370585.1252879505,4146233.879268708,40.80663755059349,29.36210379980534,62.00444999989122,2023-06-05 11:03:27.001,2023-06-05 12:05:25.001,61.96666666666667,MCD_CHI2_99.73,1347,36.20967741935484,63.79032258064516,3720,5.277657243450354,4.2846103695683935,-3.654595438386069,6.797907913347826,7.718006207345862,0.02214077734893847,0.02070466094446066,0.039042010088599956,5.277657243450354,4.2846103695683935,3.654595438386069,5.277703673150628,4.284660381729276,3.6548039191004107,6.797975481593626,7.718164440812325,6.879507680754469,7.775507157895588,6.922773581397978,7.884647035604203,2373,5.273170821848818,4.276789120003045,-3.6746142935174273,6.789495982278372,7.72010659897237,0.008126760816407482,0.005959460641009216,0.011009069958800726,5.273170821848818,4.276789120003045,3.6746142935174273,5.2731770814953265,4.276793270334819,3.6746307780060716,6.7895034582794604,7.720121020078524,6.801607133249351,7.728742116296182,6.805992672516663,7.730511753854836,0.008472023314165966,-0.0019565792661992987,0.1246256821182282,-0.025350318475377956
JAX,Test-3,CHC I80,C3,Geodetic,USABLE,MEETS_SOLUTION_QC,MODERATE,C:\IEEE\RTKLIB_DATA\JAX\CHC3.pos,535403,ECEF,C:\IEEE\Ground_Truth\GNSS_GT_v1_3_TRUTH_MODEL_B_LEVEL_TABLE.csv,4213630.062844501,2370578.777845614,4146232.2686800687,40.806617951401094,29.362007720937548,62.06085000000894,2023-06-05 12:08:11.000,2023-06-05 13:09:10.000,60.983333333333334,MCD_CHI2_99.73,788,21.530054644808743,78.46994535519126,3660,-0.201930848634401,-0.08926454477046775,-0.023482886329408925,0.2207809470567789,0.22202628793376733,0.007174502410976979,0.0038048172779418282,0.012631595382843802,0.201930848634401,0.08926454477046775,0.023482886329408925,0.20205822688339323,0.08934557421737657,0.02666382488338667,0.22093021224697526,0.22253340926904763,0.23128832801587382,0.23425849997878362,0.2323537911465425,0.23552115909636293,2872,-0.20155922082678865,-0.0890250520000277,-0.023893118144746005,0.22034422929568587,0.2216358736274175,0.007436653563985337,0.003947093679583318,0.008477927386856151,0.20155922082678865,0.0890250520000277,0.023893118144746005,0.20169631642727012,0.08911247952721973,0.02535214628494747,0.22050496154921012,0.22195758466218724,0.23152773285172742,0.23373041262974206,0.23239958541603692,0.23562029894881992,0.00042525069776513935,0.0005758246068603978,0.19248191247368043,0.25875872245511394
JAX,Test-3,TRIMBLE OEM MB2,OEM3,OEM,USABLE,MEETS_SOLUTION_QC,LOW,C:\IEEE\RTKLIB_DATA\JAX\OEM3.pos,466053,ECEF,C:\IEEE\Ground_Truth\GNSS_GT_v1_3_TRUTH_MODEL_B_LEVEL_TABLE.csv,4213629.251200865,2370579.0267578717,4146232.778311836,40.806624869547086,29.36201500816637,61.95084999874234,2023-06-05 12:08:39.000,2023-06-05 13:01:44.000,53.083333333333336,MCD_CHI2_99.73,377,11.83673469387755,88.16326530612245,3185,-0.06930141181580003,-0.04107453512731515,0.34391067562097344,0.08055931426959985,0.3532199823363092,0.020892202556721234,0.014140519766322026,0.010984437849986012,0.06930141181580003,0.04107453512731515,0.34391067562097344,0.07238116304434478,0.04343971633409939,0.34408599622447783,0.08441588546499434,0.35428973244596074,0.11744677937939306,0.37383952905260087,0.12053672352984814,0.3768513448228804,2808,-0.06545791499531971,-0.03896698524273946,0.3441684306745992,0.07617850467449709,0.35249833084350735,0.019141189421660966,0.013670900556909596,0.011637975915832151,0.06545791499531971,0.03896698524273946,0.3441684306745992,0.06819819124415709,0.041294707934827354,0.3443650721573418,0.07972606971623095,0.3534735479697576,0.10943197506043706,0.37432526419656503,0.11388608076135678,0.37685995130842564,0.0046898157487633985,0.0008161844762031301,5.555608074155871,0.2303720377580012
JAX,Test-3,XIAOMI-1,T13,Smartphone,USABLE,MEETS_SOLUTION_QC,HIGH,C:\IEEE\RTKLIB_DATA\JAX\T13.pos,534956,ECEF,C:\IEEE\Ground_Truth\GNSS_GT_v1_3_TRUTH_MODEL_B_LEVEL_TABLE.csv,4213629.450004504,2370578.6202026657,4146232.8697262257,40.80662564609365,29.362009653819914,61.99085000064224,2023-06-05 12:08:03.223,2023-06-05 13:09:02.001,60.97963333333333,MCD_CHI2_99.73,1437,39.29450369155045,60.70549630844955,3657,4.104783861132606,0.8227476337387579,0.6757420213739738,4.186426186550699,4.240612160394772,1.1665277833203973,0.3504371223215704,0.9575079587530632,4.104783861132606,0.8227476337387579,0.9957860320314671,4.267278466554944,0.8942517902682914,1.1718353414010363,4.35997153379716,4.514703738107081,7.19944634215674,7.979641991963086,7.781831162126147,8.260219697745288,2220,3.409347041690347,0.7304440487972378,1.0654798089511246,3.486717046034281,3.6458802753777513,0.4354168080235635,0.05898254270061215,0.2645495621209083,3.409347041690347,0.7304440487972378,1.0654798089511246,3.437026279719683,0.7328204975821065,1.097817001445862,3.5142816519397257,3.6817628519262064,3.992556751959101,4.117857345418988,3.999716021920119,4.127479235268954,0.8456898818574343,0.8329408861808747,19.396683563227562,18.449513733322156
JAX,Test-3,XIAOMI-2,T23,Smartphone,USABLE,MEETS_SOLUTION_QC,MODERATE,C:\IEEE\RTKLIB_DATA\JAX\T23.pos,534664,ECEF,C:\IEEE\Ground_Truth\GNSS_GT_v1_3_TRUTH_MODEL_B_LEVEL_TABLE.csv,4213629.844250305,2370579.1732667023,4146232.157660443,40.806617174854644,29.362013075283418,61.99084999971092,2023-06-05 12:08:29.001,2023-06-05 13:09:23.001,60.9,MCD_CHI2_99.73,1201,32.85909712722298,67.14090287277702,3655,0.6295436725347038,1.6265447868646887,-4.360642015030997,1.7441253335999618,4.696506357129603,0.06992407588862062,0.0690617930995988,0.09281513505943065,0.6295436725347038,1.6265447868646887,4.360642015030997,0.6334139833431859,1.6280098801940706,4.361629406036292,1.746891365913803,4.698450863838494,1.8242078456287842,4.821968883674029,1.829044850748323,4.841829685682883,2454,0.6264524341019824,1.6425659454332042,-4.3977026048335155,1.757971995592983,4.7360588824304815,0.012175358856935218,0.02988264915473364,0.032961427820274745,0.6264524341019824,1.6425659454332042,4.3977026048335155,0.6265706912618522,1.6428376346836033,4.397826078138488,1.7582679901201557,4.7362834098727795,1.8048730357197624,4.801508097139072,1.8072428169334045,4.814344168968674,-0.011376624206352659,-0.03783254603428521,-0.6512496671710046,-0.8052131889994301
WHU,Test-1,CHC I80,C1,Geodetic,USABLE,MEETS_SOLUTION_QC,LOW,C:\IEEE\RTKLIB_DATA\WHU\CHC1.pos,818351,ECEF,C:\IEEE\Ground_Truth\GNSS_GT_v1_3_TRUTH_MODEL_B_LEVEL_TABLE.csv,4213630.344056461,2370585.555446905,4146228.139523509,40.80656880861399,29.362076089712488,62.06335000041872,2023-06-05 09:05:29.000,2023-06-05 10:38:49.000,93.33333333333333,MCD_CHI2_99.73,527,9.4140764558771,90.5859235441229,5598,0.34897850364323685,0.005572537457595759,0.3781048670211073,0.34902299233544626,0.5145681098201075,0.005635634800301773,0.0030489604249577073,0.00904480909151075,0.34897850364323685,0.005589089699579432,0.3781048670211073,0.34902399732848227,0.0063519817984369195,0.37821301461300666,0.34908179325756894,0.5146874612875065,0.35863658521535974,0.5321749729492984,0.3634986275572262,0.5353129826739824,5071,0.3479502986216124,0.0052591697840486335,0.3771094277843378,0.34799004177948356,0.5131360343042743,0.004631100849574487,0.0028793184478895137,0.008664791859016384,0.3479502986216124,0.005271836843815577,0.3771094277843378,0.34798111037323004,0.005995640638176478,0.37720893989446375,0.3480327583479007,0.5132381369496556,0.35699986641181586,0.5315703542000225,0.3580744514971677,0.5335475336185332,0.0010490349096682339,0.0014493243378509435,0.3005126391379016,0.281593092286611
WHU,Test-1,XIAOMI-1,T11,Smartphone,USABLE,MEETS_SOLUTION_QC,HIGH,C:\IEEE\RTKLIB_DATA\WHU\T11.pos,769578,ECEF,C:\IEEE\Ground_Truth\GNSS_GT_v1_3_TRUTH_MODEL_B_LEVEL_TABLE.csv,4213629.714091625,2370585.4419688587,4146228.732775257,40.806576410572625,29.362078578271213,61.99335000105202,2023-06-05 09:08:38.000,2023-06-05 10:36:21.000,87.71666666666667,MCD_CHI2_99.73,2520,47.87234042553192,52.12765957446808,5264,2.804542513483022,0.20744270475824092,0.22724802087053747,2.8122039729882826,2.8213707393181524,0.0919463603584588,0.13436229465812727,0.26569084106457586,2.804542513483022,0.23169338304056142,0.25320974726038176,2.806049043956376,0.24714828022658686,0.34959959346721947,2.8169120521428166,2.8385230993000388,2.9538249821262754,3.064355662481046,2.9755774211708896,3.0751969583279237,2744,2.786201524268122,0.2310852767209151,0.2783234849116924,2.7957681125141955,2.8095877457742047,0.07001333836699136,0.10577674776107528,0.18450927570275172,2.786201524268122,0.23369267658602938,0.2783234849116924,2.7870807334895087,0.2541358848374083,0.3339090122884351,2.798643253962625,2.818492379169748,2.9028108682373195,2.961206722108354,2.9806066529131825,3.083099664098785,0.01826879818019167,0.020030720130290725,0.64853988488191,0.705674022354448
WHU,Test-1,XIAOMI-2,T21,Smartphone,USABLE,MEETS_SOLUTION_QC,HIGH,C:\IEEE\RTKLIB_DATA\WHU\T21.pos,771914,ECEF,C:\IEEE\Ground_Truth\GNSS_GT_v1_3_TRUTH_MODEL_B_LEVEL_TABLE.csv,4213630.142251923,2370585.9540662337,4146228.009738437,40.8065678088207,29.362081379525588,61.99334999918938,2023-06-05 09:08:38.000,2023-06-05 10:36:37.001,87.98335,MCD_CHI2_99.73,2166,41.02272727272727,58.97727272727273,5280,2.6491221409624597,-0.71407047263929,-1.6189397877865068,2.743673588026248,3.18570412846376,0.04717296296847677,0.09029735967854022,0.09576069625820358,2.6491221409624597,0.71407047263929,1.6189397877865068,2.6495420330156323,0.7197560064461408,1.6217689140758123,2.745564002811063,3.188770312235509,2.811735355717661,3.232566231792792,2.8122995134124054,3.2617200757047895,3114,2.6821090846971556,-0.7763029236769022,-1.561147080333257,2.792195439349531,3.198989774594063,0.012427658305685605,0.022269488041828784,0.022096714592470125,2.6821090846971556,0.7763029236769022,1.561147080333257,2.6821378673193617,0.776622173356344,1.561303402427656,2.792311862857941,3.199167681427368,2.8119319526049975,3.209618489100031,2.812502736075964,3.2107868007241556,-0.04674786004687803,-0.010397369191859074,-1.7026687412500654,-0.32606202936485346
WHU,Test-2,CHC I80,C2,Geodetic,USABLE,MEETS_SOLUTION_QC,LOW,C:\IEEE\RTKLIB_DATA\WHU\CHC2.pos,759221,ECEF,C:\IEEE\Ground_Truth\GNSS_GT_v1_3_TRUTH_MODEL_B_LEVEL_TABLE.csv,4213625.036634153,2370584.7316923365,4146233.981920026,40.806638227584614,29.362098422104026,62.074450000189245,2023-06-05 10:39:09.000,2023-06-05 12:05:41.000,86.53333333333333,MCD_CHI2_99.73,761,14.654342383978433,85.34565761602157,5193,0.2932591413947959,0.03817929186144603,0.11748287437723696,0.2957339722430522,0.3182150343880566,0.008622005292112177,0.0030781657131310276,0.005698360750852107,0.2932591413947959,0.03817929186144603,0.11748287437723696,0.2933858358401831,0.03830315400338957,0.11762096256315635,0.295875616227918,0.318397661914364,0.31128496253465954,0.3316046413030326,0.31229294812570185,0.332598191210574,4432,0.29480598927674334,0.0375298226763091,0.1187439871915055,0.2971852265903447,0.32002998827874074,0.008286802536457904,0.002778237619309878,0.004887047479765218,0.29480598927674334,0.0375298226763091,0.1187439871915055,0.29492240829638,0.037632491982623445,0.11884448804378676,0.29731369186123746,0.32018657639968084,0.3113870130058376,0.3318069535536564,0.3123023284528394,0.3326708627360439,-0.0014380756333194356,-0.001788914485316817,-0.4860406043773683,-0.5618491274593473
WHU,Test-2,XIAOMI-1,T12,Smartphone,USABLE,MEETS_SOLUTION_QC,MODERATE,C:\IEEE\RTKLIB_DATA\WHU\T12.pos,544446,ECEF,C:\IEEE\Ground_Truth\GNSS_GT_v1_3_TRUTH_MODEL_B_LEVEL_TABLE.csv,4213624.431924084,2370584.5546303685,4146234.585787047,40.806645955838704,29.36210010718615,62.004450000822544,2023-06-05 11:03:56.001,2023-06-05 12:05:58.001,62.03333333333333,MCD_CHI2_99.73,1241,33.34228909188608,66.65771090811391,3722,5.411808108839303,0.7674320631865345,-3.514595559056657,5.465950875968935,6.498384485566112,0.2248432599082772,0.37746247172490877,0.8742886305208901,5.411808108839303,0.7674320631865345,3.514595559056657,5.416475599115205,0.8552143644914737,3.6216787799242285,5.483575432602616,6.571617510932634,5.826159565496539,6.904458169054747,5.849739610587034,6.927907830282105,2481,5.433059244696285,0.6063981153249467,-3.7350772061821154,5.4667953529146684,6.620925401089383,0.1673522919722083,0.17329331549314,0.5967320085973853,5.433059244696285,0.6063981153249467,3.7350772061821154,5.43563503718743,0.6306640494295613,3.782426112931872,5.4720988113101985,6.652113401057697,5.690127954910933,6.913920722853048,5.726398584559762,6.931410788247319,0.011476621292417555,-0.08049589012506342,0.20929084378384338,-1.2249022404476424
WHU,Test-2,XIAOMI-2,T22,Smartphone,USABLE,MEETS_SOLUTION_QC,MODERATE,C:\IEEE\RTKLIB_DATA\WHU\T22.pos,543716,ECEF,C:\IEEE\Ground_Truth\GNSS_GT_v1_3_TRUTH_MODEL_B_LEVEL_TABLE.csv,4213624.81077623,2370585.1252879505,4146233.879268708,40.80663755059349,29.36210379980534,62.00444999989122,2023-06-05 11:03:27.001,2023-06-05 12:05:25.001,61.96666666666667,MCD_CHI2_99.73,1067,28.705945655098198,71.29405434490181,3717,3.477550260687377,2.324078459000552,-6.339251293139907,4.1826661950479895,7.594787913877069,0.05647915815263327,0.08124681951819218,0.4868216930785638,3.477550260687377,2.324078459000552,6.339251293139907,3.478008748223852,2.3254977861450166,6.357911493452728,4.183836135185868,7.611013294211574,4.2631084387981995,8.031873081659331,4.269070013400482,8.059147841232146,2650,3.4571278287919034,2.3288627319099087,-6.381512939342293,4.168373117738659,7.6222727479197045,0.04296228552909041,0.05732329968934302,0.4392624988513286,3.4571278287919034,2.3288627319099087,6.381512939342293,3.457394667386536,2.3295678450693367,6.396607391890425,4.168988394185554,7.63525051041818,4.179246973213561,8.036516925960761,4.186124968427606,8.063680602424379,0.014847741000314052,-0.024237216206605794,0.35488342565439496,-0.3184492691011195
WHU,Test-3,CHC I80,C3,Geodetic,USABLE,MEETS_SOLUTION_QC,LOW,C:\IEEE\RTKLIB_DATA\WHU\CHC3.pos,534965,ECEF,C:\IEEE\Ground_Truth\GNSS_GT_v1_3_TRUTH_MODEL_B_LEVEL_TABLE.csv,4213630.062844501,2370578.777845614,4146232.2686800687,40.806617951401094,29.362007720937548,62.06085000000894,2023-06-05 12:08:11.000,2023-06-05 13:09:10.000,60.983333333333334,MCD_CHI2_99.73,488,13.344271260596116,86.65572873940388,3657,-0.3237987549603506,0.007557172726235627,0.034387901549481806,0.323886931773246,0.32570734156058595,0.006163197986310928,0.00458341914121531,0.01548154445257664,0.3237987549603506,0.007758481439454476,0.034538964339235194,0.3238573888864663,0.00883814721038132,0.03771127751801723,0.3239779640384084,0.3261653900010134,0.333545462678158,0.33753120665486425,0.33522653842737427,0.33876280511831974,3169,-0.3244060096459823,0.007946095644966426,0.03494210077738898,0.3245033120484722,0.32637915058588735,0.005129221384671734,0.004225349012425761,0.013087939799151871,0.3244060096459823,0.007948286542020478,0.03494210077738898,0.3244465436778174,0.008999354224397047,0.03731206938588089,0.3245713297272852,0.32670895090706475,0.33359793074198946,0.3376561368516516,0.3352866067484032,0.33901640036113656,-0.0005933656888768013,-0.0005435609060513436,-0.18315001473571096,-0.16665192651177818
WHU,Test-3,TRIMBLE OEM MB2,OEM3,OEM,FAILED,INSUFFICIENT_CLEAN_EPOCHS,NOT_APPLICABLE,C:\IEEE\RTKLIB_DATA\WHU\OEM3.pos,1481,ECEF,C:\IEEE\Ground_Truth\GNSS_GT_v1_3_TRUTH_MODEL_B_LEVEL_TABLE.csv,4213629.251200865,2370579.0267578717,4146232.778311836,40.806624869547086,29.36201500816637,61.95084999874234,2023-06-05 12:08:50.000,2023-06-05 12:08:52.000,0.03333333333333333,NONE_SMALL_SAMPLE,0,0.0,100.0,3,46.01390655808808,7.760010273008569,-42.53991710931256,46.66366205275428,63.143819205373084,1.6465259042043283,1.1407482610623836,1.6422769867193698,46.01390655808808,7.760010273008569,42.53991710931256,46.03354170354416,7.8157083599169965,42.56104553228521,46.69231477383849,63.17922804008032,48.25090173739443,63.39427775650392,48.37992929698338,63.41569369777435,3,46.01390655808808,7.760010273008569,-42.53991710931256,46.66366205275428,63.143819205373084,1.6465259042043283,1.1407482610623836,1.6422769867193698,46.01390655808808,7.760010273008569,42.53991710931256,46.03354170354416,7.8157083599169965,42.56104553228521,46.69231477383849,63.17922804008032,48.25090173739443,63.39427775650392,48.37992929698338,63.41569369777435,0.0,0.0,0.0,0.0
WHU,Test-3,XIAOMI-1,T13,Smartphone,USABLE,MEETS_SOLUTION_QC,MODERATE,C:\IEEE\RTKLIB_DATA\WHU\T13.pos,535394,ECEF,C:\IEEE\Ground_Truth\GNSS_GT_v1_3_TRUTH_MODEL_B_LEVEL_TABLE.csv,4213629.450004504,2370578.6202026657,4146232.8697262257,40.80662564609365,29.362009653819914,61.99085000064224,2023-06-05 12:08:03.223,2023-06-05 13:09:02.001,60.97963333333333,MCD_CHI2_99.73,1277,34.89071038251366,65.10928961748634,3660,1.6112949355251909,-0.11087898209580378,-2.0709466679364716,1.6151054200638826,2.6262874213149074,0.413961551984398,0.04621373748297563,0.3571108835001849,1.6112949355251909,0.11087898209580378,2.0709466679364716,1.6636071396095702,0.12012191588362378,2.1015026625692337,1.6679382451504277,2.682970635400445,2.366276542746167,3.5169096361657104,2.3688474131318014,3.5295020228425678,2383,1.7998073565190376,-0.11110341368636882,-2.2627985192365445,1.8032333429461676,2.893424895823617,0.32081370285863187,0.05477720325418198,0.2191246621838131,1.7998073565190376,0.11110341368636882,2.2627985192365445,1.8281643150066613,0.12386787874320127,2.2733791164267396,1.8323558644674116,2.919893940035038,2.3669098082611857,3.5240155930615504,2.36920324770825,3.529929363734569,-0.16441761931698395,-0.2369233046345931,-9.857536380320573,-8.83063353390863
WHU,Test-3,XIAOMI-2,T23,Smartphone,USABLE,MEETS_SOLUTION_QC,HIGH,C:\IEEE\RTKLIB_DATA\WHU\T23.pos,534664,ECEF,C:\IEEE\Ground_Truth\GNSS_GT_v1_3_TRUTH_MODEL_B_LEVEL_TABLE.csv,4213629.844250305,2370579.1732667023,4146232.157660443,40.806617174854644,29.362013075283418,61.99084999971092,2023-06-05 12:08:29.001,2023-06-05 13:09:23.001,60.9,MCD_CHI2_99.73,1282,35.07523939808482,64.92476060191518,3655,-0.24650901246943244,0.45520696444252734,-5.811054573660967,0.517667918366239,5.834066791850406,0.01983061990573151,0.038394260507056965,0.0728192371514516,0.24650901246943244,0.45520696444252734,5.811054573660967,0.24730515385087998,0.45682282823986214,5.811510685576883,0.5194679350280188,5.834681086751578,0.5675202296739789,5.898462500712007,0.5764306156901275,5.915972182377157,2373,-0.25587416583336986,0.4596827628234666,-5.823262462087434,0.526098689580138,5.846979180186512,0.007512185831516149,0.0177683661482722,0.02051192836005021,0.25587416583336986,0.4596827628234666,5.823262462087434,0.25598437041278044,0.46002589517112474,5.823298572480978,0.5264521081006536,5.84704695435077,0.5506502805211264,5.882128963160071,0.552778145779382,5.897390423420654,-0.0069841730726347695,-0.01236586759919156,-1.3444858867483438,-0.21193733496882824
