Product,Test,Receiver_ID,Result_Record_Status,Receiver,Receiver_Class,Solution_Status,Status_Reason,Contamination_Class,POS_File,POS_Bytes,POS_Format,GT_Source,GT_X_m,GT_Y_m,GT_Z_m,GT_Lat_deg,GT_Lon_deg,GT_h_m,Start_Epoch,End_Epoch,Duration_min,Filter_Method,Outlier_N,Outlier_pct,Retention_pct,RAW_N,RAW_Bias_E_m,RAW_Bias_N_m,RAW_Bias_U_m,RAW_Bias_2D_m,RAW_Bias_3D_m,RAW_SD_E_m,RAW_SD_N_m,RAW_SD_U_m,RAW_MAE_E_m,RAW_MAE_N_m,RAW_MAE_U_m,RAW_RMSE_E_m,RAW_RMSE_N_m,RAW_RMSE_U_m,RAW_RMSE_2D_m,RAW_RMSE_3D_m,RAW_P95_2D_m,RAW_P95_3D_m,RAW_P99_2D_m,RAW_P99_3D_m,CLEAN_N,CLEAN_Bias_E_m,CLEAN_Bias_N_m,CLEAN_Bias_U_m,CLEAN_Bias_2D_m,CLEAN_Bias_3D_m,CLEAN_SD_E_m,CLEAN_SD_N_m,CLEAN_SD_U_m,CLEAN_MAE_E_m,CLEAN_MAE_N_m,CLEAN_MAE_U_m,CLEAN_RMSE_E_m,CLEAN_RMSE_N_m,CLEAN_RMSE_U_m,CLEAN_RMSE_2D_m,CLEAN_RMSE_3D_m,CLEAN_P95_2D_m,CLEAN_P95_3D_m,CLEAN_P99_2D_m,CLEAN_P99_3D_m,Delta_RMSE_2D_RAW_minus_CLEAN_m,Delta_RMSE_3D_RAW_minus_CLEAN_m,RMSE_2D_Reduction_pct,RMSE_3D_Reduction_pct,Audit_Receiver,Audit_POS_File,Audit_Exists,Audit_Bytes,Audit_Parse_Status,Audit_Raw_N,Audit_Clean_N,Audit_Outlier_N,Audit_Outlier_pct,Audit_Solution_Status,Audit_Status_Reason,Audit_Contamination_Class,Audit_Filter_Method,Audit_RAW_RMSE_2D_m,Audit_RAW_RMSE_3D_m,Audit_CLEAN_RMSE_2D_m,Audit_CLEAN_RMSE_3D_m
CODE,Test-1,C1,RESULT_PRESENT,CHC I80,Geodetic,USABLE,MEETS_SOLUTION_QC,LOW,C:\IEEE\RTKLIB_DATA\CODE\CHC1.pos,818208.0,ECEF,C:\IEEE\Ground_Truth\GNSS_GT_v1_3_TRUTH_MODEL_B_LEVEL_TABLE.csv,4213630.344056461,2370585.555446905,4146228.139523509,40.80656880861399,29.362076089712488,62.06335000041872,2023-06-05 09:05:29.000,2023-06-05 10:38:49.000,93.33333333333331,MCD_CHI2_99.73,505.0,9.022690727175272,90.97730927282473,5597.0,0.0649980969419357,0.0068610701993944,0.2674745723057046,0.0653592142727733,0.2753442821641189,0.0025796410815797,0.0027924574906345,0.0069039103417292,0.0649980969419357,0.0068610701993944,0.2674745723057046,0.0650492579914171,0.0074074766219007,0.2675636415736254,0.0654696622500678,0.2754570365179976,0.0697631983678219,0.2879144961183665,0.0704171342997099,0.2893929170057915,5092.0,0.0646091735231875,0.0067819170932114,0.2668759960214131,0.0649641416691435,0.2746691408863214,0.0022893331414774,0.0028632513045804,0.0067885690192737,0.0646091735231875,0.0067819170932114,0.2668759960214131,0.0646497124534313,0.0073614534892972,0.2669623060871035,0.0650674751145796,0.2747774539315968,0.0690213557927406,0.2874967660176553,0.0696589159680653,0.2892976305441997,0.0004021871354881,0.0006795825864008,0.6143106924119559,0.2467109190570365,CHC I80,C:\IEEE\RTKLIB_DATA\CODE\CHC1.pos,True,818208,OK,5597,5092,505.0,9.022690727175272,USABLE,MEETS_SOLUTION_QC,LOW,MCD_CHI2_99.73,0.0654696622500678,0.2754570365179976,0.0650674751145796,0.2747774539315968
CODE,Test-1,OEM1,NO_RESULT_ROW,,,,,,,,,,,,,,,,,,,,,,,,,,,,,,,,,,,,,,,,,,,,,,,,,,,,,,,,,,,,,,,,,,,,,TRIMBLE OEM MB2,C:\IEEE\RTKLIB_DATA\CODE\OEM1.pos,True,1046,EMPTY_OR_UNPARSEABLE,0,0,,,FAILED,EMPTY_OR_UNPARSEABLE,NOT_APPLICABLE,,,,,
CODE,Test-1,T11,RESULT_PRESENT,XIAOMI-1,Smartphone,USABLE,MEETS_SOLUTION_QC,HIGH,C:\IEEE\RTKLIB_DATA\CODE\T11.pos,769581.0,ECEF,C:\IEEE\Ground_Truth\GNSS_GT_v1_3_TRUTH_MODEL_B_LEVEL_TABLE.csv,4213629.714091625,2370585.4419688587,4146228.732775257,40.80657641057263,29.362078578271213,61.99335000105202,2023-06-05 09:08:38.000,2023-06-05 10:36:21.000,87.71666666666667,MCD_CHI2_99.73,2534.0,48.13829787234042,51.861702127659576,5264.0,2.7334167388549147,0.1236708524211619,0.9319406240446092,2.73621299390066,2.890566531795362,0.0920109176210874,0.1317496949343039,0.2498316377617143,2.7334167388549147,0.1644821471399425,0.9319406240446092,2.734964619319477,0.1806907976761829,0.9648405655120028,2.7409269660635225,2.905786976044822,2.893728803681308,3.2559361269161102,2.913659380125539,3.2614031718605605,2730.0,2.715485822722464,0.1485592653857459,0.9763954872793644,2.7195464895343577,2.8895122869297776,0.0717692317314518,0.1003300160645601,0.1639354738465165,2.715485822722464,0.1561440123936061,0.9763954872793644,2.716433726281906,0.1792547913861979,0.990057141230346,2.7223417253380795,2.89678401204127,2.8286144107870697,3.0878157245940447,2.916659147336317,3.2553200279603054,0.0185852407254429,0.0090029640035518,0.6780640621057782,0.3098287685150997,XIAOMI-1,C:\IEEE\RTKLIB_DATA\CODE\T11.pos,True,769581,OK,5264,2730,2534.0,48.13829787234042,USABLE,MEETS_SOLUTION_QC,HIGH,MCD_CHI2_99.73,2.7409269660635225,2.905786976044822,2.7223417253380795,2.89678401204127
CODE,Test-1,T21,RESULT_PRESENT,XIAOMI-2,Smartphone,USABLE,MEETS_SOLUTION_QC,HIGH,C:\IEEE\RTKLIB_DATA\CODE\T21.pos,771917.0,ECEF,C:\IEEE\Ground_Truth\GNSS_GT_v1_3_TRUTH_MODEL_B_LEVEL_TABLE.csv,4213630.142251923,2370585.9540662337,4146228.009738437,40.8065678088207,29.362081379525588,61.99334999918938,2023-06-05 09:08:38.000,2023-06-05 10:36:37.001,87.98335,MCD_CHI2_99.73,2018.0,38.21969696969697,61.78030303030303,5280.0,2.545472129272429,-1.0336232651097297,0.636231955845482,2.747326958168396,2.8200348431744207,0.0319800559568723,0.0613899384468881,0.0420902884691118,2.545472129272429,1.0336232651097297,0.636231955845482,2.545672974123738,1.0354443804208049,0.6376224262786873,2.748198674792093,2.821198028253696,2.805958192667661,2.8772603535510166,2.806611416815204,2.878208586085086,3262.0,2.5664601152496305,-1.0741288139368914,0.629472859735252,2.7821700580835493,2.852491246829672,0.0133167248227204,0.0225293246472621,0.011815201121108,2.5664601152496305,1.0741288139368914,0.629472859735252,2.566494653016681,1.0743649863047158,0.6295837016039181,2.782293106011792,2.85263572246546,2.806176879953397,2.877523533325019,2.806782776732227,2.8783071027628067,-0.0340944312196986,-0.0314376942117649,-1.2406101324635126,-1.1143384440554371,XIAOMI-2,C:\IEEE\RTKLIB_DATA\CODE\T21.pos,True,771917,OK,5280,3262,2018.0,38.21969696969697,USABLE,MEETS_SOLUTION_QC,HIGH,MCD_CHI2_99.73,2.748198674792093,2.8211980282536957,2.782293106011792,2.85263572246546
CODE,Test-2,C2,RESULT_PRESENT,CHC I80,Geodetic,USABLE,MEETS_SOLUTION_QC,LOW,C:\IEEE\RTKLIB_DATA\CODE\CHC2.pos,759224.0,ECEF,C:\IEEE\Ground_Truth\GNSS_GT_v1_3_TRUTH_MODEL_B_LEVEL_TABLE.csv,4213625.036634153,2370584.7316923365,4146233.981920026,40.80663822758461,29.362098422104022,62.074450000189245,2023-06-05 10:39:09.000,2023-06-05 12:05:41.000,86.53333333333333,MCD_CHI2_99.73,331.0,6.3739649528211055,93.62603504717887,5193.0,0.2428777057678971,0.0391980013162957,0.0767940687236129,0.2460204529429809,0.2577273603197699,0.0044955820214329,0.0023560046344693,0.0051210048045576,0.2428777057678971,0.0391980013162957,0.0767940687236129,0.2429193000256702,0.0392687279668903,0.0769645933616721,0.2460727927282885,0.2578281752493834,0.2530177084491203,0.2638814614967771,0.2550974529950531,0.2650609731316498,4862.0,0.2433698751259909,0.0394621831571188,0.0766008899236434,0.2465484942528882,0.258174081494368,0.004214598123771,0.0021937313165405,0.0052118100617248,0.2433698751259909,0.0394621831571188,0.0766008899236434,0.2434063583861029,0.0395230991548611,0.0767779507047789,0.2465942632536065,0.258270370704838,0.2531717279941106,0.2639701524683032,0.2551273804993827,0.2650886211276476,-0.0005214705253179,-0.0004421954554545,-0.2119171809025563,-0.1715078094265025,CHC I80,C:\IEEE\RTKLIB_DATA\CODE\CHC2.pos,True,759224,OK,5193,4862,331.0,6.3739649528211055,USABLE,MEETS_SOLUTION_QC,LOW,MCD_CHI2_99.73,0.2460727927282885,0.2578281752493834,0.2465942632536065,0.258270370704838
CODE,Test-2,OEM2,RESULT_PRESENT,TRIMBLE OEM MB2,OEM,USABLE,MEETS_SOLUTION_QC,MODERATE,C:\IEEE\RTKLIB_DATA\CODE\OEM2.pos,521682.0,ECEF,C:\IEEE\Ground_Truth\GNSS_GT_v1_3_TRUTH_MODEL_B_LEVEL_TABLE.csv,4213624.2258566925,2370584.9593601283,4146234.502740973,40.8066452788475,29.36210548488808,61.96445000078529,2023-06-05 11:05:35.000,2023-06-05 12:05:00.000,59.41666666666666,MCD_CHI2_99.73,973.0,27.285473920358942,72.71452607964106,3566.0,0.4970677056248903,0.1700251096091352,-0.0522867792221853,0.5253425947634468,0.5279382058103208,0.0225216334799805,0.0120407485681359,0.0234001279043566,0.4970677056248903,0.1700251096091352,0.0522867792221853,0.4975775172883951,0.1704508048311505,0.0572828047104442,0.5259627958120898,0.5290729460990847,0.5571513391847782,0.5611986786016951,0.5589909163690046,0.5620015982165476,2593.0,0.5068809151808789,0.1746982071676043,-0.0638831730719396,0.5361415165440748,0.5399340566809246,0.0161068224446966,0.0107165544083873,0.0133077365938644,0.5068809151808789,0.1746982071676043,0.0638831730719396,0.5071366599387582,0.1750264661008269,0.0652540217712519,0.5364903127639712,0.5404442090048764,0.5576729365532616,0.5614692973499709,0.5590262996998,0.5620343056056022,-0.0105275169518813,-0.0113712629057917,-2.001570650187684,-2.1492807352243832,TRIMBLE OEM MB2,C:\IEEE\RTKLIB_DATA\CODE\OEM2.pos,True,521682,OK,3566,2593,973.0,27.285473920358942,USABLE,MEETS_SOLUTION_QC,MODERATE,MCD_CHI2_99.73,0.5259627958120898,0.5290729460990847,0.5364903127639712,0.5404442090048764
CODE,Test-2,T12,RESULT_PRESENT,XIAOMI-1,Smartphone,USABLE,MEETS_SOLUTION_QC,MODERATE,C:\IEEE\RTKLIB_DATA\CODE\T12.pos,544449.0,ECEF,C:\IEEE\Ground_Truth\GNSS_GT_v1_3_TRUTH_MODEL_B_LEVEL_TABLE.csv,4213624.431924084,2370584.5546303685,4146234.585787047,40.806645955838704,29.36210010718615,62.004450000822544,2023-06-05 11:03:56.001,2023-06-05 12:05:58.001,62.03333333333333,MCD_CHI2_99.73,1218.0,32.72434175174637,67.27565824825362,3722.0,5.642063896323308,0.5363495477201776,-1.750105828734349,5.667499964493568,5.931561873512282,0.1858500682660591,0.3449942981917513,0.874039934819624,5.642063896323308,0.5363495477201776,1.750105828734349,5.645123203088295,0.6376989300654521,1.9561725302241133,5.681027715427242,6.008384714002248,5.92198690010812,6.148405414684926,5.955404148633812,6.165952046922081,2504.0,5.666984411860766,0.376088409719218,-1.978323831115137,5.67945022129766,6.014143330263765,0.1450444605232187,0.1381173282887297,0.5926644181313973,5.666984411860766,0.376088409719218,1.978323831115137,5.668839547745723,0.4006385776851605,2.0651576252852224,5.682979244024697,6.046579951120237,5.881719423949122,6.151101509841501,5.901672450925707,6.168300243243789,-0.0019515285974547,-0.0381952371179892,-0.0343516823928743,-0.6356989263516546,XIAOMI-1,C:\IEEE\RTKLIB_DATA\CODE\T12.pos,True,544449,OK,3722,2504,1218.0,32.72434175174637,USABLE,MEETS_SOLUTION_QC,MODERATE,MCD_CHI2_99.73,5.681027715427242,6.008384714002248,5.682979244024697,6.046579951120237
CODE,Test-2,T22,RESULT_PRESENT,XIAOMI-2,Smartphone,USABLE,MEETS_SOLUTION_QC,LOW,C:\IEEE\RTKLIB_DATA\CODE\T22.pos,544011.0,ECEF,C:\IEEE\Ground_Truth\GNSS_GT_v1_3_TRUTH_MODEL_B_LEVEL_TABLE.csv,4213624.81077623,2370585.1252879505,4146233.879268708,40.80663755059349,29.36210379980534,62.00444999989122,2023-06-05 11:03:27.001,2023-06-05 12:05:25.001,61.96666666666667,MCD_CHI2_99.73,733.0,19.70959935466524,80.29040064533477,3719.0,3.4393665466844108,2.2100545808633254,-2.81294405132658,4.088224980703339,4.9624830204989525,0.0504174844129671,0.1273999702282984,0.6882479372225254,3.4393665466844108,2.2100545808633254,2.81294405132658,3.439735961042662,2.2137225748793496,2.895895731895106,4.090519663834968,5.011842297023005,4.154689888503223,5.321422625317893,4.161705913320985,5.329028545190114,2986.0,3.423888049020586,2.2126264318488085,-2.8505659639031893,4.07660705724037,4.974379500370403,0.0392705774140186,0.0515007549347808,0.5221627754077419,3.423888049020586,2.2126264318488085,2.8505659639031893,3.4241131748245146,2.2132255118763657,2.897980153108925,4.077121312939709,5.002120267270715,4.09337709611821,5.322135080129149,4.101769752116739,5.329581216126871,0.013398350895259,0.0097220297522904,0.3275464243263848,0.1939811585465334,XIAOMI-2,C:\IEEE\RTKLIB_DATA\CODE\T22.pos,True,544011,OK,3719,2986,733.0,19.709599354665237,USABLE,MEETS_SOLUTION_QC,LOW,MCD_CHI2_99.73,4.090519663834968,5.011842297023005,4.077121312939709,5.002120267270715
CODE,Test-3,C3,RESULT_PRESENT,CHC I80,Geodetic,USABLE,MEETS_SOLUTION_QC,LOW,C:\IEEE\RTKLIB_DATA\CODE\CHC3.pos,535406.0,ECEF,C:\IEEE\Ground_Truth\GNSS_GT_v1_3_TRUTH_MODEL_B_LEVEL_TABLE.csv,4213630.062844501,2370578.777845614,4146232.2686800687,40.80661795140109,29.362007720937548,62.06085000000894,2023-06-05 12:08:11.000,2023-06-05 13:09:10.000,60.98333333333333,MCD_CHI2_99.73,87.0,2.377049180327869,97.62295081967213,3660.0,0.3376926626449972,0.0189636321238256,0.0038543190278629,0.338224708954854,0.3382466696403148,0.0076227219175784,0.0017123077435288,0.0068801563966522,0.3376926626449972,0.0189636321238256,0.0068106425968165,0.3377786618745692,0.0190407599649815,0.007885391158768,0.3383149050187097,0.3384067882763958,0.3508344981940819,0.3508692803067601,0.3549050391864222,0.3549346333988288,3573.0,0.337407523687753,0.0189422292133527,0.0038320408544996,0.3379388185584379,0.3379605444808363,0.0074573358392801,0.0017220512652821,0.0068257682492025,0.337407523687753,0.0189422292133527,0.0067425776376733,0.3374899010851281,0.0190203227671793,0.0078270434730147,0.3380254517231169,0.3381160579182032,0.3501815997466436,0.3502680956519461,0.354472579812953,0.3544886871410409,0.0002894532955928,0.0002907303581926,0.085557358336552,0.085911503038511,CHC I80,C:\IEEE\RTKLIB_DATA\CODE\CHC3.pos,True,535406,OK,3660,3573,87.0,2.377049180327869,USABLE,MEETS_SOLUTION_QC,LOW,MCD_CHI2_99.73,0.3383149050187097,0.3384067882763958,0.3380254517231169,0.3381160579182032
CODE,Test-3,OEM3,RESULT_PRESENT,TRIMBLE OEM MB2,OEM,USABLE,MEETS_SOLUTION_QC,MODERATE,C:\IEEE\RTKLIB_DATA\CODE\OEM3.pos,466202.0,ECEF,C:\IEEE\Ground_Truth\GNSS_GT_v1_3_TRUTH_MODEL_B_LEVEL_TABLE.csv,4213629.251200865,2370579.026757872,4146232.778311836,40.806624869547086,29.36201500816637,61.95084999874234,2023-06-05 12:08:39.000,2023-06-05 13:01:44.000,53.083333333333336,MCD_CHI2_99.73,993.0,31.16760828625236,68.83239171374764,3186.0,1.226837199014263,0.4587079442892555,-0.4538944266295123,1.3097871930352798,1.3862044010767571,0.0363368280829974,0.0160957584394608,0.0118478194114489,1.226837199014263,0.4587079442892555,0.4538944266295123,1.2273750297008208,0.4589901635957005,0.4540489811589723,1.3103898022385163,1.386824398077204,1.356856950105577,1.4357172404230936,1.3591621647667076,1.4403694620940857,2193.0,1.2454464100749405,0.4660726955543585,-0.4596465773934038,1.329797171718252,1.4069952004251232,0.0233258963643095,0.0122857085468136,0.0088421882818984,1.2454464100749405,0.4660726955543585,0.4596465773934038,1.2456647260412033,0.4662345196876098,0.4597315790233799,1.330058358513506,1.407269825514273,1.357705203630234,1.4370634536390672,1.359271456392649,1.4406000046130818,-0.0196685562749894,-0.0204454274370688,-1.5009698825028983,-1.4742621679728125,TRIMBLE OEM MB2,C:\IEEE\RTKLIB_DATA\CODE\OEM3.pos,True,466202,OK,3186,2193,993.0,31.167608286252356,USABLE,MEETS_SOLUTION_QC,MODERATE,MCD_CHI2_99.73,1.3103898022385163,1.386824398077204,1.330058358513506,1.407269825514273
CODE,Test-3,T13,RESULT_PRESENT,XIAOMI-1,Smartphone,USABLE,MEETS_SOLUTION_QC,HIGH,C:\IEEE\RTKLIB_DATA\CODE\T13.pos,535397.0,ECEF,C:\IEEE\Ground_Truth\GNSS_GT_v1_3_TRUTH_MODEL_B_LEVEL_TABLE.csv,4213629.450004504,2370578.6202026657,4146232.8697262257,40.80662564609365,29.362009653819914,61.99085000064224,2023-06-05 12:08:03.223,2023-06-05 13:09:02.001,60.97963333333333,MCD_CHI2_99.73,1598.0,43.66120218579235,56.33879781420765,3660.0,2.042250198165275,-0.0940361301095302,-0.817866282258727,2.04441401523079,2.2019386733802992,0.4167584814705448,0.046368272786096,0.3169011315810384,2.042250198165275,0.0940361301095302,0.817866282258727,2.0843286804500423,0.1048438031114843,0.8770998483444414,2.086963888330964,2.263784975469917,2.8048716139502448,3.075648646054838,2.8076311899159627,3.081872002047214,2062.0,2.132717117472261,-0.0738124895984879,-0.9393097411296176,2.133994045628974,2.331573154880821,0.2298303786622171,0.0300706530277116,0.1556978869437915,2.132717117472261,0.0738124895984879,0.9393097411296176,2.145059134205152,0.0796999953984484,0.9521201947832976,2.146539256222319,2.348225637330802,2.6028035833460863,2.869178557711313,2.6893923746567943,2.942881715035036,-0.0595753678913557,-0.0844406618608846,-2.854642968403291,-3.730065477767224,XIAOMI-1,C:\IEEE\RTKLIB_DATA\CODE\T13.pos,True,535397,OK,3660,2062,1598.0,43.66120218579235,USABLE,MEETS_SOLUTION_QC,HIGH,MCD_CHI2_99.73,2.086963888330964,2.263784975469917,2.146539256222319,2.348225637330802
CODE,Test-3,T23,RESULT_PRESENT,XIAOMI-2,Smartphone,USABLE,MEETS_SOLUTION_QC,HIGH,C:\IEEE\RTKLIB_DATA\CODE\T23.pos,534667.0,ECEF,C:\IEEE\Ground_Truth\GNSS_GT_v1_3_TRUTH_MODEL_B_LEVEL_TABLE.csv,4213629.844250305,2370579.1732667023,4146232.157660443,40.80661717485464,29.36201307528341,61.99084999971092,2023-06-05 12:08:29.001,2023-06-05 13:09:23.001,60.9,MCD_CHI2_99.73,1376.0,37.64705882352941,62.35294117647059,3655.0,-0.0577037207250982,0.4709167387359426,-4.567062611673623,0.4744389256871912,4.591639488587307,0.0203568081364259,0.0344091848133663,0.0899337693614715,0.057976922340662,0.4709167387359426,4.567062611673623,0.0611882802846231,0.4721718361821222,4.567947763376557,0.4761199938332631,4.592693873693812,0.5204761563989247,4.700122721521474,0.5326824530521787,4.714838575111733,2279.0,-0.0680427861419672,0.4749887330879259,-4.583712131296871,0.4798375947197493,4.608759162714465,0.0069267729228587,0.015202308477779,0.025762780754575,0.0680427861419672,0.4749887330879259,4.583712131296871,0.0683942971008001,0.475231843771999,4.58378449888702,0.4801281966421533,4.608861401414429,0.5039584925605678,4.647451953424103,0.5058575927799198,4.676002133378784,-0.0040082028088901,-0.0161675277206168,-0.8418471941537089,-0.3520271144833257,XIAOMI-2,C:\IEEE\RTKLIB_DATA\CODE\T23.pos,True,534667,OK,3655,2279,1376.0,37.64705882352941,USABLE,MEETS_SOLUTION_QC,HIGH,MCD_CHI2_99.73,0.4761199938332631,4.592693873693812,0.4801281966421533,4.608861401414429
GFZ,Test-1,C1,RESULT_PRESENT,CHC I80,Geodetic,USABLE,MEETS_SOLUTION_QC,LOW,C:\IEEE\RTKLIB_DATA\GFZ\CHC1.pos,817913.0,ECEF,C:\IEEE\Ground_Truth\GNSS_GT_v1_3_TRUTH_MODEL_B_LEVEL_TABLE.csv,4213630.344056461,2370585.555446905,4146228.139523509,40.80656880861399,29.362076089712488,62.06335000041872,2023-06-05 09:05:29.000,2023-06-05 10:38:49.000,93.33333333333331,MCD_CHI2_99.73,779.0,13.923145665773012,86.076854334227,5595.0,0.1477810352741286,0.0365929582949704,0.4006784648865838,0.1522441426901892,0.428627473696379,0.0030222780195578,0.0030077519183179,0.0078269111049589,0.1477810352741286,0.0365929582949704,0.4006784648865838,0.1478119309073605,0.0367163390260618,0.4007548899416657,0.1523038294661005,0.4287201164888296,0.1571059524910044,0.4439156007352421,0.1580588755529464,0.4460220126985556,4816.0,0.1481644957383703,0.0375236218866813,0.3994012197117082,0.1528422062026722,0.4276471376077483,0.0028232913390013,0.0019936545412108,0.0071067000831465,0.1481644957383703,0.0375236218866813,0.3994012197117082,0.148191386781715,0.0375765356655119,0.3994644277107972,0.1528812714131765,0.4277201329785916,0.1574458427434429,0.4402322395840238,0.1580994503202944,0.4442569484799462,-0.000577441947076,0.000999983510238,-0.3791381668473008,0.233248562821767,CHC I80,C:\IEEE\RTKLIB_DATA\GFZ\CHC1.pos,True,817913,OK,5595,4816,779.0,13.923145665773012,USABLE,MEETS_SOLUTION_QC,LOW,MCD_CHI2_99.73,0.1523038294661005,0.4287201164888296,0.1528812714131765,0.4277201329785916
GFZ,Test-1,OEM1,NO_RESULT_ROW,,,,,,,,,,,,,,,,,,,,,,,,,,,,,,,,,,,,,,,,,,,,,,,,,,,,,,,,,,,,,,,,,,,,,TRIMBLE OEM MB2,C:\IEEE\RTKLIB_DATA\GFZ\OEM1.pos,True,1043,EMPTY_OR_UNPARSEABLE,0,0,,,FAILED,EMPTY_OR_UNPARSEABLE,NOT_APPLICABLE,,,,,
GFZ,Test-1,T11,RESULT_PRESENT,XIAOMI-1,Smartphone,USABLE,MEETS_SOLUTION_QC,HIGH,C:\IEEE\RTKLIB_DATA\GFZ\T11.pos,769578.0,ECEF,C:\IEEE\Ground_Truth\GNSS_GT_v1_3_TRUTH_MODEL_B_LEVEL_TABLE.csv,4213629.714091625,2370585.4419688587,4146228.732775257,40.80657641057263,29.362078578271213,61.99335000105202,2023-06-05 09:08:38.000,2023-06-05 10:36:21.000,87.71666666666667,MCD_CHI2_99.73,2555.0,48.5372340425532,51.462765957446805,5264.0,4.410617347369771,0.1093761201909876,2.170607330305723,4.411973313675774,4.917015833100818,0.1044292331686714,0.1526243918009438,0.324018854225088,4.410617347369771,0.1717314984338504,2.170607330305723,4.411853213554655,0.1877575975819011,2.194653607223702,4.415846656463771,4.9311465349452215,4.568216706965703,5.330195089628258,4.603012078866661,5.344183297203435,2709.0,4.323750493396699,0.215071364228236,2.070446224430942,4.329096212936275,4.798731247852867,0.0396048154698317,0.0258893373860164,0.0924498603688632,4.323750493396699,0.215071364228236,2.070446224430942,4.323931809307979,0.2166234107440495,2.0725084776454867,4.329354685588576,4.799854516914046,4.383126391861057,4.919212417639476,4.394327121385325,4.953899923161517,0.086491970875195,0.1312920180311758,1.9586724269193287,2.6625048982170294,XIAOMI-1,C:\IEEE\RTKLIB_DATA\GFZ\T11.pos,True,769578,OK,5264,2709,2555.0,48.5372340425532,USABLE,MEETS_SOLUTION_QC,HIGH,MCD_CHI2_99.73,4.415846656463771,4.9311465349452215,4.329354685588576,4.799854516914046
GFZ,Test-1,T21,RESULT_PRESENT,XIAOMI-2,Smartphone,USABLE,MEETS_SOLUTION_QC,HIGH,C:\IEEE\RTKLIB_DATA\GFZ\T21.pos,771914.0,ECEF,C:\IEEE\Ground_Truth\GNSS_GT_v1_3_TRUTH_MODEL_B_LEVEL_TABLE.csv,4213630.142251923,2370585.9540662337,4146228.009738437,40.8065678088207,29.362081379525588,61.99334999918938,2023-06-05 09:08:38.000,2023-06-05 10:36:37.001,87.98335,MCD_CHI2_99.73,2566.0,48.59848484848485,51.40151515151515,5280.0,4.963792691403861,-0.3280574745673233,2.348790340660494,4.9746215524252575,5.501243100812208,0.0453495601879243,0.0566159982812584,0.0691872003328834,4.963792691403861,0.3280574745673233,2.348790340660494,4.96399980623885,0.3329060990774772,2.3498089340340047,4.975150303974979,5.502156174956173,5.02547068459582,5.540373642892276,5.026033473551828,5.606363446366147,2714.0,4.998986193329182,-0.3748001693324405,2.325556856127886,5.013016868915106,5.526169814537989,0.0097607753484438,0.0073813508666091,0.01331114075247,4.998986193329182,0.3748001693324405,2.325556856127886,4.998995719014672,0.374872820029608,2.325594937272064,5.013031800210723,5.526199384947074,5.025799191038716,5.539881039017411,5.026121277297797,5.541919553957228,-0.0378814962357445,-0.0240432099909009,-0.7614141065341986,-0.4369779632998593,XIAOMI-2,C:\IEEE\RTKLIB_DATA\GFZ\T21.pos,True,771914,OK,5280,2714,2566.0,48.59848484848485,USABLE,MEETS_SOLUTION_QC,HIGH,MCD_CHI2_99.73,4.975150303974979,5.502156174956173,5.013031800210723,5.526199384947074
GFZ,Test-2,C2,RESULT_PRESENT,CHC I80,Geodetic,USABLE,MEETS_SOLUTION_QC,HIGH,C:\IEEE\RTKLIB_DATA\GFZ\CHC2.pos,759221.0,ECEF,C:\IEEE\Ground_Truth\GNSS_GT_v1_3_TRUTH_MODEL_B_LEVEL_TABLE.csv,4213625.036634153,2370584.7316923365,4146233.981920026,40.80663822758461,29.362098422104022,62.074450000189245,2023-06-05 10:39:09.000,2023-06-05 12:05:41.000,86.53333333333333,MCD_CHI2_99.73,1829.0,35.22048911996919,64.77951088003081,5193.0,0.7364419731281066,0.3622508096848823,-0.2244655488297171,0.8207145843118493,0.8508567514650146,0.0345140257892751,0.0158108324672153,0.0081717006437094,0.7364419731281066,0.3622508096848823,0.2244655488297171,0.7372501396214372,0.3625956196678535,0.2246142169228274,0.8215919618485463,0.8517422721797939,0.8572830610929572,0.885893916803039,0.8601614789163455,0.8874221928876043,3364.0,0.7500355482199926,0.3687689389598508,-0.2232440339002892,0.8357893597882418,0.8650906036984292,0.0162791887729241,0.0072911665107487,0.0060276198005596,0.7500355482199926,0.3687689389598508,0.2232440339002892,0.7502121411987003,0.3688409896523378,0.2233253681788887,0.835979624422542,0.8652954134409189,0.8588100198605374,0.8867567666795455,0.8605658131188995,0.8878198998251048,-0.0143876625739957,-0.0135531412611249,-1.7511932007737867,-1.591225621154097,CHC I80,C:\IEEE\RTKLIB_DATA\GFZ\CHC2.pos,True,759221,OK,5193,3364,1829.0,35.22048911996919,USABLE,MEETS_SOLUTION_QC,HIGH,MCD_CHI2_99.73,0.8215919618485463,0.8517422721797939,0.835979624422542,0.8652954134409189
GFZ,Test-2,OEM2,RESULT_PRESENT,TRIMBLE OEM MB2,OEM,USABLE,MEETS_SOLUTION_QC,HIGH,C:\IEEE\RTKLIB_DATA\GFZ\OEM2.pos,499487.0,ECEF,C:\IEEE\Ground_Truth\GNSS_GT_v1_3_TRUTH_MODEL_B_LEVEL_TABLE.csv,4213624.2258566925,2370584.9593601283,4146234.502740973,40.8066452788475,29.36210548488808,61.96445000078529,2023-06-05 11:05:35.000,2023-06-05 12:05:00.000,59.41666666666666,MCD_CHI2_99.73,1555.0,45.5477445811365,54.4522554188635,3414.0,-0.044382750467175,0.5178491013832118,-1.0993347139812313,0.51974755443622,1.216007538507318,0.2378227660160675,0.5158017223909961,0.8138950883295091,0.1239483979256166,0.5178491013832118,1.0993347139812313,0.2418944596204265,0.7308496282372372,1.3677602115066874,0.7698403137596562,1.5695292621899035,1.4563299628923756,2.8392154701425496,1.4804926247697234,2.868504557563893,1859.0,0.0453305026964929,0.1685284393199783,-0.552579573262096,0.1745184498393919,0.5794832820029102,0.010163427364239,0.0104931095783498,0.0258686077608469,0.0453305026964929,0.1685284393199783,0.552579573262096,0.0464552921156193,0.1688546149205988,0.5531844264652266,0.1751284532722516,0.5802439011563956,0.1973627388792526,0.636420242820201,0.1992201324663606,0.6392151069671053,0.5947118604874045,0.9892853610335082,77.25132730228432,63.03070512066761,TRIMBLE OEM MB2,C:\IEEE\RTKLIB_DATA\GFZ\OEM2.pos,True,499487,OK,3414,1859,1555.0,45.5477445811365,USABLE,MEETS_SOLUTION_QC,HIGH,MCD_CHI2_99.73,0.7698403137596562,1.5695292621899035,0.1751284532722516,0.5802439011563956
GFZ,Test-2,T12,RESULT_PRESENT,XIAOMI-1,Smartphone,USABLE,MEETS_SOLUTION_QC,MODERATE,C:\IEEE\RTKLIB_DATA\GFZ\T12.pos,544446.0,ECEF,C:\IEEE\Ground_Truth\GNSS_GT_v1_3_TRUTH_MODEL_B_LEVEL_TABLE.csv,4213624.431924084,2370584.5546303685,4146234.585787047,40.806645955838704,29.36210010718615,62.004450000822544,2023-06-05 11:03:56.001,2023-06-05 12:05:58.001,62.03333333333333,MCD_CHI2_99.73,1293.0,34.739387426114995,65.26061257388501,3722.0,8.857581000789244,1.897713672143741,-2.320378317134636,9.058590307933342,9.351054159912264,0.3091578058507169,0.3804514853511648,1.02782232846452,8.857581000789244,1.897713672143741,2.320378317134636,8.862973206272759,1.935464188652685,2.537772732650445,9.071841912239533,9.420117097109246,9.512066311681576,9.58871032271506,9.51769892881787,9.611084315820266,2429.0,8.883778828999434,1.7336939915184115,-2.5854277750516403,9.051365705726711,9.413376541858616,0.2195371744690883,0.1585176566051543,0.664664550608409,8.883778828999434,1.7336939915184115,2.5854277750516403,8.886489915113117,1.740922846868146,2.66946321719449,9.05541359464904,9.440685845748124,9.403958454489144,9.601597806363472,9.416988824025696,9.612507400507738,0.0164283175904937,-0.0205687486388779,0.1810913125407207,-0.2183491821475325,XIAOMI-1,C:\IEEE\RTKLIB_DATA\GFZ\T12.pos,True,544446,OK,3722,2429,1293.0,34.739387426114995,USABLE,MEETS_SOLUTION_QC,MODERATE,MCD_CHI2_99.73,9.071841912239533,9.420117097109246,9.05541359464904,9.440685845748124
GFZ,Test-2,T22,RESULT_PRESENT,XIAOMI-2,Smartphone,USABLE,MEETS_SOLUTION_QC,HIGH,C:\IEEE\RTKLIB_DATA\GFZ\T22.pos,544008.0,ECEF,C:\IEEE\Ground_Truth\GNSS_GT_v1_3_TRUTH_MODEL_B_LEVEL_TABLE.csv,4213624.81077623,2370585.1252879505,4146233.879268708,40.80663755059349,29.36210379980534,62.00444999989122,2023-06-05 11:03:27.001,2023-06-05 12:05:25.001,61.96666666666667,MCD_CHI2_99.73,1490.0,40.06453347674106,59.93546652325894,3719.0,8.309768516076478,4.50153476992104,-4.914305687327492,9.450717860331242,10.65206404712642,0.0665775179081779,0.1697784599583906,0.7275572117674715,8.309768516076478,4.50153476992104,4.914305687327492,8.310035148228694,4.50473442720082,4.967856434224811,9.452476734930618,10.678432187145894,9.55845312540846,10.98724888150636,9.563165456417709,11.020356545384036,2229.0,8.277059072625056,4.476153035551947,-4.815190890509317,9.40986997197122,10.570322426560582,0.014746098924823,0.0634838195678811,0.4804491021027801,8.277059072625056,4.476153035551947,4.815190890509317,8.277072202270826,4.476602996129381,4.83908990343278,9.410095569470004,10.581431364426273,9.447095483810743,10.896306156900035,9.458668330914792,10.905734111904582,0.0423811654606147,0.0970008227196217,0.448360431335416,0.9083807530883228,XIAOMI-2,C:\IEEE\RTKLIB_DATA\GFZ\T22.pos,True,544008,OK,3719,2229,1490.0,40.06453347674106,USABLE,MEETS_SOLUTION_QC,HIGH,MCD_CHI2_99.73,9.452476734930618,10.678432187145894,9.410095569470004,10.581431364426273
GFZ,Test-3,C3,RESULT_PRESENT,CHC I80,Geodetic,USABLE,MEETS_SOLUTION_QC,HIGH,C:\IEEE\RTKLIB_DATA\GFZ\CHC3.pos,535403.0,ECEF,C:\IEEE\Ground_Truth\GNSS_GT_v1_3_TRUTH_MODEL_B_LEVEL_TABLE.csv,4213630.062844501,2370578.777845614,4146232.2686800687,40.80661795140109,29.362007720937548,62.06085000000894,2023-06-05 12:08:11.000,2023-06-05 13:09:10.000,60.98333333333333,MCD_CHI2_99.73,1534.0,41.91256830601093,58.08743169398907,3660.0,0.93844819982034,0.2866292641092012,-0.4846980311913984,0.9812448006434578,1.0944284079969036,0.0514278391358136,0.0165638567224879,0.0238763479503396,0.93844819982034,0.2866292641092012,0.4846980311913984,0.9398559058467848,0.2871073343388983,0.4852855918659682,0.9827307592551828,1.0960209171630673,1.030830448871252,1.1488364591000229,1.0347434905379984,1.15302441874185,2126.0,0.9730402936657933,0.298298715886773,-0.4890983212648661,1.0177374597591025,1.1291619480220811,0.0138405616272096,0.0042123404522222,0.0175240441665426,0.9730402936657933,0.298298715886773,0.4890983212648661,0.9731386767256504,0.2983284420997796,0.489412010010068,1.0178402347642932,1.1293904812097215,1.0336603042864771,1.1522431459185911,1.0348139854372551,1.1532507471969615,-0.0351094755091102,-0.0333695640466542,-3.5726444072758974,-3.0446101460388,CHC I80,C:\IEEE\RTKLIB_DATA\GFZ\CHC3.pos,True,535403,OK,3660,2126,1534.0,41.91256830601093,USABLE,MEETS_SOLUTION_QC,HIGH,MCD_CHI2_99.73,0.9827307592551828,1.0960209171630673,1.0178402347642932,1.1293904812097215
GFZ,Test-3,OEM3,RESULT_PRESENT,TRIMBLE OEM MB2,OEM,USABLE,MEETS_SOLUTION_QC,MODERATE,C:\IEEE\RTKLIB_DATA\GFZ\OEM3.pos,465907.0,ECEF,C:\IEEE\Ground_Truth\GNSS_GT_v1_3_TRUTH_MODEL_B_LEVEL_TABLE.csv,4213629.251200865,2370579.026757872,4146232.778311836,40.806624869547086,29.36201500816637,61.95084999874234,2023-06-05 12:08:39.000,2023-06-05 13:01:44.000,53.083333333333336,MCD_CHI2_99.73,954.0,29.962311557788944,70.03768844221105,3184.0,-0.2945396992450447,-0.0639612639662933,0.1939268204028506,0.3014045084591921,0.3584024126468553,0.0276167156091697,0.0137370178090482,0.0159179646273801,0.2945396992450447,0.0639612639662933,0.1939268204028506,0.2958311644777929,0.0654193371993287,0.1945788109990151,0.3029781634967881,0.3600787153466265,0.3433504223537962,0.4021672423382798,0.3486252826896561,0.4054680602092366,2230.0,-0.3012694665868117,-0.0657356751087043,0.1892886008425862,0.3083576989139386,0.3618212886059126,0.024002197121564,0.0137173830764124,0.0139511169528878,0.3012694665868117,0.0657356751087043,0.1892886008425862,0.3022236566202353,0.0671510327606479,0.1898017934412292,0.309593927301114,0.3631433885054698,0.3444127032350487,0.3974372980850058,0.34888801929252,0.4029916460631425,-0.0066157638043259,-0.0030646731588432,-2.1835777628231843,-0.8511120008559945,TRIMBLE OEM MB2,C:\IEEE\RTKLIB_DATA\GFZ\OEM3.pos,True,465907,OK,3184,2230,954.0,29.962311557788944,USABLE,MEETS_SOLUTION_QC,MODERATE,MCD_CHI2_99.73,0.3029781634967881,0.3600787153466265,0.309593927301114,0.3631433885054698
GFZ,Test-3,T13,RESULT_PRESENT,XIAOMI-1,Smartphone,USABLE,MEETS_SOLUTION_QC,MODERATE,C:\IEEE\RTKLIB_DATA\GFZ\T13.pos,535394.0,ECEF,C:\IEEE\Ground_Truth\GNSS_GT_v1_3_TRUTH_MODEL_B_LEVEL_TABLE.csv,4213629.450004504,2370578.6202026657,4146232.8697262257,40.80662564609365,29.362009653819914,61.99085000064224,2023-06-05 12:08:03.223,2023-06-05 13:09:02.001,60.97963333333333,MCD_CHI2_99.73,1183.0,32.322404371584696,67.6775956284153,3660.0,4.422445693329243,0.4958084380090329,-1.821268710606952,4.4501518982667685,4.8084167491892,0.3200868256184566,0.1258524369870434,0.3247132030321963,4.422445693329243,0.4958084380090329,1.821268710606952,4.434010993790398,0.5115276293082746,1.8499809653294093,4.46341954207756,4.831619146898997,4.912702593342253,5.414678455941991,4.916570772151136,5.416651163727623,2477.0,4.605515472056517,0.460535179818081,-2.00728434188506,4.628484137944305,5.0450030569246405,0.199162163539074,0.1389211123728471,0.1832395927361472,4.605515472056517,0.460535179818081,2.00728434188506,4.609818035149099,0.4810238414078268,2.015627351995885,4.634846950352152,5.05416262849768,4.914227650126017,5.415520884977777,4.917528566475317,5.41679997877272,-0.1714274082745923,-0.2225434815986835,-3.840719131565193,-4.605981449127984,XIAOMI-1,C:\IEEE\RTKLIB_DATA\GFZ\T13.pos,True,535394,OK,3660,2477,1183.0,32.322404371584696,USABLE,MEETS_SOLUTION_QC,MODERATE,MCD_CHI2_99.73,4.46341954207756,4.831619146898997,4.634846950352152,5.05416262849768
GFZ,Test-3,T23,RESULT_PRESENT,XIAOMI-2,Smartphone,USABLE,MEETS_SOLUTION_QC,HIGH,C:\IEEE\RTKLIB_DATA\GFZ\T23.pos,534664.0,ECEF,C:\IEEE\Ground_Truth\GNSS_GT_v1_3_TRUTH_MODEL_B_LEVEL_TABLE.csv,4213629.844250305,2370579.1732667023,4146232.157660443,40.80661717485464,29.36201307528341,61.99084999971092,2023-06-05 12:08:29.001,2023-06-05 13:09:23.001,60.9,MCD_CHI2_99.73,1370.0,37.4829001367989,62.517099863201096,3655.0,2.634041703242496,1.2240581170293632,-7.788708221500394,2.9045643336455984,8.312669230033993,0.014488789573899,0.0429178447989439,0.0845377221892063,2.634041703242496,1.2240581170293632,7.788708221500394,2.6340815405011515,1.2248100715280392,7.789166863717801,2.9049174296914946,8.313222341797726,2.9397484160391816,8.411991870157276,2.950321761809492,8.422927769516098,2285.0,2.6260987399998634,1.2306977410259878,-7.782870893887781,2.900174395100291,8.30566619079535,0.00557530472413,0.0166804526855911,0.0225799799135376,2.6260987399998634,1.2306977410259878,7.782870893887781,2.6261046556921768,1.2308107269199868,7.782903634459763,2.9002276993624885,8.305715483414804,2.916387772397559,8.345011203925065,2.917021453349628,8.36139945404992,0.0046897303290061,0.0075068583829214,0.1614410888609717,0.0903002238395331,XIAOMI-2,C:\IEEE\RTKLIB_DATA\GFZ\T23.pos,True,534664,OK,3655,2285,1370.0,37.4829001367989,USABLE,MEETS_SOLUTION_QC,HIGH,MCD_CHI2_99.73,2.9049174296914946,8.313222341797726,2.9002276993624885,8.305715483414804
GRG,Test-1,C1,RESULT_PRESENT,CHC I80,Geodetic,USABLE,MEETS_SOLUTION_QC,LOW,C:\IEEE\RTKLIB_DATA\GRG\CHC1.pos,818205.0,ECEF,C:\IEEE\Ground_Truth\GNSS_GT_v1_3_TRUTH_MODEL_B_LEVEL_TABLE.csv,4213630.344056461,2370585.555446905,4146228.139523509,40.80656880861399,29.362076089712488,62.06335000041872,2023-06-05 09:05:29.000,2023-06-05 10:38:49.000,93.33333333333331,MCD_CHI2_99.73,1097.0,19.599785599428262,80.40021440057174,5597.0,0.0782711013699069,-0.0083855163375196,0.2678677967612379,0.0787190078310509,0.2791949833640013,0.0027815945096747,0.0026913234032974,0.0065763958665614,0.0782711013699069,0.0083855163375196,0.2678677967612379,0.0783205030325963,0.008806748082137,0.2679484984043416,0.078814085080404,0.2792992262864375,0.0844751004038772,0.2913791150095434,0.0852255491801106,0.2924834730654391,4500.0,0.0773861782735657,-0.0083797848716477,0.2666205125420559,0.0778385597392654,0.2777504979121941,0.0019555972798886,0.0028489221425088,0.0060223770568816,0.0773861782735657,0.0083797848716477,0.2666205125420559,0.0774108784257823,0.0088507258591711,0.266688504952539,0.0779152067756061,0.2778372511394141,0.0819262703933729,0.2891072437686121,0.0825137572756929,0.292161277822904,0.0008988783047978,0.0014619751470233,1.1405046494936126,0.5234440375871297,CHC I80,C:\IEEE\RTKLIB_DATA\GRG\CHC1.pos,True,818205,OK,5597,4500,1097.0,19.599785599428262,USABLE,MEETS_SOLUTION_QC,LOW,MCD_CHI2_99.73,0.078814085080404,0.2792992262864375,0.0779152067756061,0.2778372511394141
GRG,Test-1,OEM1,NO_RESULT_ROW,,,,,,,,,,,,,,,,,,,,,,,,,,,,,,,,,,,,,,,,,,,,,,,,,,,,,,,,,,,,,,,,,,,,,TRIMBLE OEM MB2,C:\IEEE\RTKLIB_DATA\GRG\OEM1.pos,True,1043,EMPTY_OR_UNPARSEABLE,0,0,,,FAILED,EMPTY_OR_UNPARSEABLE,NOT_APPLICABLE,,,,,
GRG,Test-1,T11,RESULT_PRESENT,XIAOMI-1,Smartphone,USABLE,MEETS_SOLUTION_QC,HIGH,C:\IEEE\RTKLIB_DATA\GRG\T11.pos,756292.0,ECEF,C:\IEEE\Ground_Truth\GNSS_GT_v1_3_TRUTH_MODEL_B_LEVEL_TABLE.csv,4213629.714091625,2370585.4419688587,4146228.732775257,40.80657641057263,29.362078578271213,61.99335000105202,2023-06-05 09:08:38.000,2023-06-05 10:36:21.000,87.71666666666667,MCD_CHI2_99.73,2470.0,47.747921902184416,52.252078097815584,5173.0,5.831029387069768,0.6109218557604303,3.23312614374639,5.862945439513914,6.695314323322946,0.7681889194060717,0.3799538773766208,1.5723816372941015,5.831029387069768,0.6584400031780873,3.23312614374639,5.881403221421713,0.7194182061814536,3.5951370953831576,5.925239776442388,6.930618813853139,6.279111384002403,7.3556079756654595,10.307848142080417,16.046708198130595,2703.0,5.572161605883914,0.715689051622554,2.8934771950653984,5.617935188367626,6.319288413980067,0.2566743727875051,0.0975689479234398,0.2238786028723112,5.572161605883914,0.715689051622554,2.8934771950653984,5.578067973964847,0.7223067189981243,2.902122217313503,5.624639483423105,6.329208693249638,6.07702041031938,6.924814853558783,6.087097314998794,6.944290391769561,0.3006002930192828,0.601410120603501,5.073217360998819,8.677581854615687,XIAOMI-1,C:\IEEE\RTKLIB_DATA\GRG\T11.pos,True,756292,OK,5173,2703,2470.0,47.747921902184416,USABLE,MEETS_SOLUTION_QC,HIGH,MCD_CHI2_99.73,5.925239776442388,6.930618813853139,5.624639483423105,6.329208693249638
GRG,Test-1,T21,RESULT_PRESENT,XIAOMI-2,Smartphone,USABLE,MEETS_SOLUTION_QC,HIGH,C:\IEEE\RTKLIB_DATA\GRG\T21.pos,771330.0,ECEF,C:\IEEE\Ground_Truth\GNSS_GT_v1_3_TRUTH_MODEL_B_LEVEL_TABLE.csv,4213630.142251923,2370585.9540662337,4146228.009738437,40.8065678088207,29.362081379525588,61.99334999918938,2023-06-05 09:08:38.000,2023-06-05 10:36:37.001,87.98335,MCD_CHI2_99.73,2256.0,42.759666413949965,57.24033358605004,5276.0,6.112893893906903,2.142128192132586,0.838630651298619,6.477359411804591,6.531422993421194,0.8029589230751136,0.2337140046326108,1.4646051905545572,6.112893893906903,2.148745143408715,0.8395788806251073,6.165394763298573,2.154837598179276,1.6875909345990312,6.531111518098316,6.74561938033694,6.568421620882349,6.612873271739174,6.58473078789592,6.628901549454686,3020.0,6.1618652108530325,2.102022705741134,0.7248958440739792,6.510536255345804,6.55076761280141,0.0675397142462296,0.0447667534546945,0.0316148539077466,6.1618652108530325,2.102022705741134,0.7248958440739792,6.1622352258943724,2.1024991924063583,0.7255846971811115,6.511040303463253,6.55134482271436,6.568846859875302,6.613298876166684,6.575624293800037,6.619209965222988,0.0200712146350632,0.1942745576225801,0.3073169793448486,2.8800106657200137,XIAOMI-2,C:\IEEE\RTKLIB_DATA\GRG\T21.pos,True,771330,OK,5276,3020,2256.0,42.759666413949965,USABLE,MEETS_SOLUTION_QC,HIGH,MCD_CHI2_99.73,6.531111518098316,6.74561938033694,6.511040303463253,6.55134482271436
GRG,Test-2,C2,RESULT_PRESENT,CHC I80,Geodetic,USABLE,MEETS_SOLUTION_QC,LOW,C:\IEEE\RTKLIB_DATA\GRG\CHC2.pos,759221.0,ECEF,C:\IEEE\Ground_Truth\GNSS_GT_v1_3_TRUTH_MODEL_B_LEVEL_TABLE.csv,4213625.036634153,2370584.7316923365,4146233.981920026,40.80663822758461,29.362098422104022,62.074450000189245,2023-06-05 10:39:09.000,2023-06-05 12:05:41.000,86.53333333333333,MCD_CHI2_99.73,133.0,2.5611399961486616,97.43886000385132,5193.0,0.0782328409261765,0.0166663269740726,0.1215995188893399,0.0799883982474155,0.1455492591815777,0.003542407473886,0.0021694290207155,0.0044669915020317,0.0782328409261765,0.0166663269740726,0.1215995188893399,0.0783129850895527,0.0168069024743228,0.1216815235141119,0.0800961647297666,0.1456770015106478,0.0861576920290157,0.1525459520430666,0.0881533290785783,0.1538074080266049,5060.0,0.0780684235027676,0.016688531723614,0.1218373474112598,0.0798322355900018,0.1456623666686408,0.0034302040309152,0.0021921951598601,0.0042635819349648,0.0780684235027676,0.016688531723614,0.1218373474112598,0.0781437311788061,0.0168318703940479,0.1219119098472835,0.0799359404992994,0.1457815775265164,0.0857171176238893,0.1525882758446794,0.0878883281514868,0.1538162772832295,0.0001602242304671,-0.0001045760158686,0.200039828383444,-0.0717862221106954,CHC I80,C:\IEEE\RTKLIB_DATA\GRG\CHC2.pos,True,759221,OK,5193,5060,133.0,2.5611399961486616,USABLE,MEETS_SOLUTION_QC,LOW,MCD_CHI2_99.73,0.0800961647297666,0.1456770015106478,0.0799359404992994,0.1457815775265164
GRG,Test-2,OEM2,RESULT_PRESENT,TRIMBLE OEM MB2,OEM,USABLE,MEETS_SOLUTION_QC,HIGH,C:\IEEE\RTKLIB_DATA\GRG\OEM2.pos,521679.0,ECEF,C:\IEEE\Ground_Truth\GNSS_GT_v1_3_TRUTH_MODEL_B_LEVEL_TABLE.csv,4213624.2258566925,2370584.9593601283,4146234.502740973,40.8066452788475,29.36210548488808,61.96445000078529,2023-06-05 11:05:35.000,2023-06-05 12:05:00.000,59.41666666666666,MCD_CHI2_99.73,1616.0,45.316881660123386,54.68311833987661,3566.0,0.0479756805922973,0.0048785049186221,0.3421192546840625,0.0482230830467646,0.3455011579779634,0.0119329343298327,0.0094602914547353,0.0233044614029935,0.0479756805922973,0.0078243182919362,0.3421192546840625,0.0494370399471956,0.0106429238139511,0.3429118400521476,0.0505696820837365,0.3466205746836155,0.0721676830712785,0.3706176252172115,0.0745931318484282,0.3730245300957619,1950.0,0.0543535490562379,0.0098449408254839,0.359088586375864,0.0552379503137665,0.3633123229678323,0.0082364224426684,0.0088253163992949,0.0050904428808507,0.0543535490562379,0.0101518052053022,0.359088586375864,0.0549737406459601,0.0132200275248965,0.3591246471430528,0.0565409699984737,0.363548337190518,0.0733438651643613,0.3723258426767089,0.074839058942986,0.3731390621305404,-0.0059712879147371,-0.0169277625069024,-11.808039261250524,-4.883657735076348,TRIMBLE OEM MB2,C:\IEEE\RTKLIB_DATA\GRG\OEM2.pos,True,521679,OK,3566,1950,1616.0,45.316881660123386,USABLE,MEETS_SOLUTION_QC,HIGH,MCD_CHI2_99.73,0.0505696820837365,0.3466205746836155,0.0565409699984737,0.363548337190518
GRG,Test-2,T12,RESULT_PRESENT,XIAOMI-1,Smartphone,USABLE,MEETS_SOLUTION_QC,HIGH,C:\IEEE\RTKLIB_DATA\GRG\T12.pos,461810.0,ECEF,C:\IEEE\Ground_Truth\GNSS_GT_v1_3_TRUTH_MODEL_B_LEVEL_TABLE.csv,4213624.431924084,2370584.5546303685,4146234.585787047,40.806645955838704,29.36210010718615,62.004450000822544,2023-06-05 11:03:56.001,2023-06-05 12:05:58.001,62.03333333333333,MCD_CHI2_99.73,1216.0,38.5297845373891,61.4702154626109,3156.0,7.368850410041206,1.361162387659086,0.5786526341998267,7.493511820978347,7.515820532863236,0.422318747381229,0.5344496067593418,1.1839444538143766,7.368850410041206,1.361162387659086,1.1861534078342286,7.380938488942802,1.462295771011626,1.3176187593083477,7.524397776531737,7.638892661528699,8.2020882820634,8.427377179729984,8.3872690536093,8.600876207545998,1940.0,7.286726900013658,1.0274327721994212,-0.1744221130129627,7.358804727452146,7.360871557789875,0.3868793695525717,0.1676784072824033,0.8256992432151348,7.286726900013658,1.0274327721994212,0.8138626506933118,7.296984816317826,1.0410185670052985,0.8437125583727482,7.370868813540413,7.418999794283496,7.954957831636864,7.992984981587329,8.101533206446513,8.140512545681599,0.1535289629913236,0.2198928672452025,2.0404152937019586,2.878596113185828,XIAOMI-1,C:\IEEE\RTKLIB_DATA\GRG\T12.pos,True,461810,OK,3156,1940,1216.0,38.5297845373891,USABLE,MEETS_SOLUTION_QC,HIGH,MCD_CHI2_99.73,7.524397776531737,7.638892661528699,7.370868813540413,7.418999794283496
GRG,Test-2,T22,RESULT_PRESENT,XIAOMI-2,Smartphone,USABLE,MEETS_SOLUTION_QC,HIGH,C:\IEEE\RTKLIB_DATA\GRG\T22.pos,544154.0,ECEF,C:\IEEE\Ground_Truth\GNSS_GT_v1_3_TRUTH_MODEL_B_LEVEL_TABLE.csv,4213624.81077623,2370585.1252879505,4146233.879268708,40.80663755059349,29.36210379980534,62.00444999989122,2023-06-05 11:03:27.001,2023-06-05 12:05:25.001,61.96666666666667,MCD_CHI2_99.73,1332.0,35.806451612903224,64.19354838709677,3720.0,5.540671107179863,2.8659888091402927,-0.9090419494079816,6.23802277745562,6.303910329140048,0.0695406679494825,0.0244757682184473,0.1852336365853635,5.540671107179863,2.8659888091402927,0.9090419494079816,5.541107373302042,2.86609329162691,0.9277173828190154,6.238458277392823,6.307061219074664,6.3462643722495455,6.442881435187403,6.362637235320455,6.458441114622426,2388.0,5.527136624743338,2.8639225951196496,-0.8805761693097048,6.2250535659876896,6.287026824292402,0.005681570223507,0.0172098079343487,0.1619135928240513,5.527136624743338,2.8639225951196496,0.8805761693097048,5.527139543679144,2.8639742813612314,0.8953320184535222,6.225079936804047,6.289136637319015,6.23672644722027,6.324768000535281,6.248371479061521,6.341859659336761,0.0133783405887761,0.0179245817556488,0.2144494680241295,0.2841986328187029,XIAOMI-2,C:\IEEE\RTKLIB_DATA\GRG\T22.pos,True,544154,OK,3720,2388,1332.0,35.806451612903224,USABLE,MEETS_SOLUTION_QC,HIGH,MCD_CHI2_99.73,6.238458277392823,6.307061219074664,6.225079936804047,6.289136637319015
GRG,Test-3,C3,RESULT_PRESENT,CHC I80,Geodetic,USABLE,MEETS_SOLUTION_QC,LOW,C:\IEEE\RTKLIB_DATA\GRG\CHC3.pos,535403.0,ECEF,C:\IEEE\Ground_Truth\GNSS_GT_v1_3_TRUTH_MODEL_B_LEVEL_TABLE.csv,4213630.062844501,2370578.777845614,4146232.2686800687,40.80661795140109,29.362007720937548,62.06085000000894,2023-06-05 12:08:11.000,2023-06-05 13:09:10.000,60.98333333333333,MCD_CHI2_99.73,0.0,0.0,100.0,3660.0,-0.1122028076932685,-0.0549921037283476,0.0378869433492751,0.1249543977886411,0.1305719035745176,0.0042391171821441,0.0021760741986441,0.0091671443259509,0.1122028076932685,0.0549921037283476,0.0378869433492751,0.112282835994061,0.0550351294864456,0.0389799185561239,0.1250451947755652,0.13097990222588,0.1315520998356318,0.1398853943264122,0.132773207274762,0.1424150816725278,3660.0,-0.1122028076932685,-0.0549921037283476,0.0378869433492751,0.1249543977886411,0.1305719035745176,0.0042391171821441,0.0021760741986441,0.0091671443259509,0.1122028076932685,0.0549921037283476,0.0378869433492751,0.112282835994061,0.0550351294864456,0.0389799185561239,0.1250451947755652,0.13097990222588,0.1315520998356318,0.1398853943264122,0.132773207274762,0.1424150816725278,0.0,0.0,0.0,0.0,CHC I80,C:\IEEE\RTKLIB_DATA\GRG\CHC3.pos,True,535403,OK,3660,3660,0.0,0.0,USABLE,MEETS_SOLUTION_QC,LOW,MCD_CHI2_99.73,0.1250451947755652,0.13097990222588,0.1250451947755652,0.13097990222588
GRG,Test-3,OEM3,RESULT_PRESENT,TRIMBLE OEM MB2,OEM,USABLE,MEETS_SOLUTION_QC,MODERATE,C:\IEEE\RTKLIB_DATA\GRG\OEM3.pos,466053.0,ECEF,C:\IEEE\Ground_Truth\GNSS_GT_v1_3_TRUTH_MODEL_B_LEVEL_TABLE.csv,4213629.251200865,2370579.026757872,4146232.778311836,40.806624869547086,29.36201500816637,61.95084999874234,2023-06-05 12:08:39.000,2023-06-05 13:01:44.000,53.083333333333336,MCD_CHI2_99.73,671.0,21.067503924646783,78.93249607535321,3185.0,0.0232313005407428,-0.0088581798467764,0.0996077503730157,0.0248628372277211,0.1026638427557879,0.0183850394640599,0.010915417287613,0.0200986219411764,0.0238560597345856,0.0110426686734708,0.0996077503730157,0.0296242616013017,0.0140561828452207,0.1016146234947334,0.0327898330523447,0.1067740832766879,0.0479960272752485,0.138520548720546,0.0495953553280306,0.1449328547715018,2514.0,0.0292031310251975,-0.0050655814367043,0.0912370465834238,0.0296392135011497,0.0959306084950605,0.0159205070690247,0.008878099375097,0.0128927179842422,0.0292835306508212,0.0078331219748991,0.0912370465834238,0.0332593533699312,0.0102200494676694,0.0921431208917976,0.034794166144737,0.0984935973827132,0.0484446303542567,0.1259520955032259,0.0498419619353575,0.1262868914740556,-0.0020043330923923,0.0082804858939746,-6.112666353600224,7.755145855494845,TRIMBLE OEM MB2,C:\IEEE\RTKLIB_DATA\GRG\OEM3.pos,True,466053,OK,3185,2514,671.0,21.067503924646783,USABLE,MEETS_SOLUTION_QC,MODERATE,MCD_CHI2_99.73,0.0327898330523447,0.1067740832766879,0.034794166144737,0.0984935973827132
GRG,Test-3,T13,RESULT_PRESENT,XIAOMI-1,Smartphone,USABLE,MEETS_SOLUTION_QC,HIGH,C:\IEEE\RTKLIB_DATA\GRG\T13.pos,534518.0,ECEF,C:\IEEE\Ground_Truth\GNSS_GT_v1_3_TRUTH_MODEL_B_LEVEL_TABLE.csv,4213629.450004504,2370578.6202026657,4146232.8697262257,40.80662564609365,29.362009653819914,61.99085000064224,2023-06-05 12:08:03.223,2023-06-05 13:09:02.001,60.97963333333333,MCD_CHI2_99.73,1427.0,39.05309250136836,60.94690749863164,3654.0,4.044796984838164,0.7246347798352284,0.8157969515570701,4.1091943508068285,4.1893917075003335,1.2306907470199562,0.2853318355379401,0.7670708529680004,4.044796984838164,0.7246347798352284,1.0481222865142268,4.227832524921258,0.7787730989575594,1.119714843727988,4.298959804236604,4.4423886288467385,7.299953842163986,7.735946723902148,7.788549388617073,8.003433390342968,2227.0,3.306148066582665,0.6446456421033385,1.0894862133913208,3.368409571600687,3.540220791309616,0.4774935556717596,0.042977356635924,0.1910141610089686,3.306148066582665,0.6446456421033385,1.0894862133913208,3.340436012551375,0.646076023139301,1.1060968471233517,3.402341396983205,3.5776217263486427,3.899137409479093,4.0477431832079205,4.041313199320389,4.126369641563217,0.8966184072533987,0.8647669024980957,20.85663621161998,19.46625959022844,XIAOMI-1,C:\IEEE\RTKLIB_DATA\GRG\T13.pos,True,534518,OK,3654,2227,1427.0,39.05309250136836,USABLE,MEETS_SOLUTION_QC,HIGH,MCD_CHI2_99.73,4.298959804236604,4.4423886288467385,3.402341396983205,3.5776217263486427
GRG,Test-3,T23,RESULT_PRESENT,XIAOMI-2,Smartphone,USABLE,MEETS_SOLUTION_QC,MODERATE,C:\IEEE\RTKLIB_DATA\GRG\T23.pos,534664.0,ECEF,C:\IEEE\Ground_Truth\GNSS_GT_v1_3_TRUTH_MODEL_B_LEVEL_TABLE.csv,4213629.844250305,2370579.1732667023,4146232.157660443,40.80661717485464,29.36201307528341,61.99084999971092,2023-06-05 12:08:29.001,2023-06-05 13:09:23.001,60.9,MCD_CHI2_99.73,1254.0,34.309165526675784,65.69083447332422,3655.0,0.8236949555517812,1.2223712927237445,-3.614916786496562,1.4739962540917697,3.903881188044944,0.0682285932209269,0.0731860747605535,0.0946246091981342,0.8236949555517812,1.2223712927237445,3.614916786496562,0.8265151221229938,1.2245596405928778,3.6161546897520696,1.4773874104198077,3.90630878204512,1.6398537501696335,4.023504354684669,1.6511245125567506,4.040317549751227,2401.0,0.8154470030404555,1.1966942622498018,-3.656367323001632,1.4481129003186382,3.9326902970846014,0.0113791424237634,0.0226534896222859,0.0411440922511136,0.8154470030404555,1.1966942622498018,3.656367323001632,0.8155263611437691,1.1969085696733377,3.656598710822203,1.4483346884880828,3.9329870965799607,1.484078457907125,4.006204734005065,1.4863627949378653,4.025116605313357,0.0290527219317249,-0.0266783145348403,1.9664931301580155,-0.6829545748524553,XIAOMI-2,C:\IEEE\RTKLIB_DATA\GRG\T23.pos,True,534664,OK,3655,2401,1254.0,34.309165526675784,USABLE,MEETS_SOLUTION_QC,MODERATE,MCD_CHI2_99.73,1.4773874104198077,3.90630878204512,1.4483346884880828,3.9329870965799607
IGS,Test-1,C1,RESULT_PRESENT,CHC I80,Geodetic,USABLE,MEETS_SOLUTION_QC,LOW,C:\IEEE\RTKLIB_DATA\IGS\CHC1.pos,817613.0,ECEF,C:\IEEE\Ground_Truth\GNSS_GT_v1_3_TRUTH_MODEL_B_LEVEL_TABLE.csv,4213630.344056461,2370585.555446905,4146228.139523509,40.80656880861399,29.362076089712488,62.06335000041872,2023-06-05 09:05:29.000,2023-06-05 10:38:49.000,93.33333333333331,MCD_CHI2_99.73,71.0,1.2694439477918826,98.73055605220812,5593.0,0.2458296191201982,0.004896754436325,0.3673415550428311,0.2458783842487814,0.4420361952397979,0.0063386558289124,0.0027970495134443,0.0078859735000468,0.2458296191201982,0.0049501627070225,0.3673415550428311,0.2459113112705006,0.0056391746905696,0.3674261769666485,0.2459759608213124,0.4421607952117585,0.258774945224604,0.4575028397928282,0.2626850681815058,0.4619638953380652,5522.0,0.2456505940366238,0.0048463639271175,0.3672547736835406,0.2456983955866627,0.4418639727192169,0.0060905855239714,0.00276395538968,0.0078680572469954,0.2456505940366238,0.004898267974112,0.3672547736835406,0.2457260728226742,0.0055790061169742,0.3673390312876357,0.245789398009978,0.4419846061589091,0.2583235162288151,0.4574369622956156,0.2617965428585445,0.4615504998234402,0.0001865628113343,0.0001761890528493,0.0758459528774509,0.0398472806176777,CHC I80,C:\IEEE\RTKLIB_DATA\IGS\CHC1.pos,True,817613,OK,5593,5522,71.0,1.2694439477918826,USABLE,MEETS_SOLUTION_QC,LOW,MCD_CHI2_99.73,0.2459759608213124,0.4421607952117585,0.245789398009978,0.4419846061589091
IGS,Test-1,OEM1,NO_RESULT_ROW,,,,,,,,,,,,,,,,,,,,,,,,,,,,,,,,,,,,,,,,,,,,,,,,,,,,,,,,,,,,,,,,,,,,,TRIMBLE OEM MB2,C:\IEEE\RTKLIB_DATA\IGS\OEM1.pos,True,1035,EMPTY_OR_UNPARSEABLE,0,0,,,FAILED,EMPTY_OR_UNPARSEABLE,NOT_APPLICABLE,,,,,
IGS,Test-1,T11,RESULT_PRESENT,XIAOMI-1,Smartphone,USABLE,MEETS_SOLUTION_QC,HIGH,C:\IEEE\RTKLIB_DATA\IGS\T11.pos,756138.0,ECEF,C:\IEEE\Ground_Truth\GNSS_GT_v1_3_TRUTH_MODEL_B_LEVEL_TABLE.csv,4213629.714091625,2370585.4419688587,4146228.732775257,40.80657641057263,29.362078578271213,61.99335000105202,2023-06-05 09:08:38.000,2023-06-05 10:36:21.000,87.71666666666667,MCD_CHI2_99.73,2470.0,47.75715390564579,52.24284609435421,5172.0,5.911429643905819,0.6539585645171879,3.3035886124517235,5.947492096586078,6.8034079665469545,0.7733268043890903,0.3884108077008376,1.604878785565222,5.911429643905819,0.6983590254502581,3.3035886124517235,5.961788251188662,0.7605889760393543,3.672715023053266,6.010109378579041,7.043454435363723,6.375117858984521,7.425004473323807,10.374032489589467,16.256470799157402,2702.0,5.654728347305713,0.7616339523707681,2.962154479705147,5.705789950499993,6.428872227760012,0.2570850603656242,0.0990389238987026,0.2259195988543328,5.654728347305713,0.7616339523707681,2.962154479705147,5.660567193260473,0.7680438501055536,2.9707541024454343,5.7124348841016745,6.4387337452559805,6.164442068683754,7.03661840880388,6.174772306048356,7.056680811059511,0.2976744944773664,0.6047206901077429,4.952896457064896,8.585569703859598,XIAOMI-1,C:\IEEE\RTKLIB_DATA\IGS\T11.pos,True,756138,OK,5172,2702,2470.0,47.75715390564579,USABLE,MEETS_SOLUTION_QC,HIGH,MCD_CHI2_99.73,6.010109378579041,7.043454435363723,5.7124348841016745,6.4387337452559805
IGS,Test-1,T21,RESULT_PRESENT,XIAOMI-2,Smartphone,USABLE,MEETS_SOLUTION_QC,HIGH,C:\IEEE\RTKLIB_DATA\IGS\T21.pos,771322.0,ECEF,C:\IEEE\Ground_Truth\GNSS_GT_v1_3_TRUTH_MODEL_B_LEVEL_TABLE.csv,4213630.142251923,2370585.9540662337,4146228.009738437,40.8065678088207,29.362081379525588,61.99334999918938,2023-06-05 09:08:38.000,2023-06-05 10:36:37.001,87.98335,MCD_CHI2_99.73,2255.0,42.7407126611069,57.2592873388931,5276.0,6.239091665580951,2.2368178195620474,0.7935802960093319,6.627942272638771,6.675281900837317,0.7870919101450551,0.2506620115652951,1.4954337578734698,6.239091665580951,2.245261419685146,0.7946049941145591,6.288534095116816,2.2508161837510543,1.6928283857005806,6.679209126721691,6.890392042686393,6.7210189221173255,6.758786330510992,6.7366128446518125,6.77415969845865,3021.0,6.290598182848428,2.198302412656552,0.67338519876559,6.66364457302065,6.697582147421869,0.0676456825610697,0.045177163572405,0.0313962060627458,6.290598182848428,2.198302412656552,0.67338519876559,6.290961764445504,2.1987664264318454,0.6741164746405612,6.664140883843854,6.698149501250398,6.721449302100711,6.759266721345017,6.728093264674344,6.765045815274538,0.0150682428778372,0.1922425414359949,0.2255992078096991,2.7900087577751864,XIAOMI-2,C:\IEEE\RTKLIB_DATA\IGS\T21.pos,True,771322,OK,5276,3021,2255.0,42.7407126611069,USABLE,MEETS_SOLUTION_QC,HIGH,MCD_CHI2_99.73,6.679209126721691,6.890392042686393,6.664140883843854,6.698149501250398
IGS,Test-2,C2,RESULT_PRESENT,CHC I80,Geodetic,USABLE,MEETS_SOLUTION_QC,MODERATE,C:\IEEE\RTKLIB_DATA\IGS\CHC2.pos,759213.0,ECEF,C:\IEEE\Ground_Truth\GNSS_GT_v1_3_TRUTH_MODEL_B_LEVEL_TABLE.csv,4213625.036634153,2370584.7316923365,4146233.981920026,40.80663822758461,29.362098422104022,62.074450000189245,2023-06-05 10:39:09.000,2023-06-05 12:05:41.000,86.53333333333333,MCD_CHI2_99.73,1165.0,22.434045830926248,77.56595416907375,5193.0,0.0280692005387307,0.0539171532130091,0.0941741664078021,0.0607860134363044,0.1120879701309778,0.0115944874579298,0.0024398885657946,0.0068199300297388,0.0280692005387307,0.0539171532130091,0.0941741664078021,0.0303691664540359,0.0539723199468663,0.0944207398173158,0.0619297795213244,0.112918438260583,0.0692341181030846,0.1222070690836713,0.0700424687552188,0.1232201257362809,4028.0,0.0308661437488665,0.0537993491349435,0.0949232111617618,0.0620249046534474,0.1133909379735862,0.0094901476891867,0.0027085278131396,0.0046396208514215,0.0308661437488665,0.0537993491349435,0.0949232111617618,0.0322917849286309,0.0538674694874035,0.0950365022230602,0.0628049651130649,0.1139140043965053,0.0691720183074222,0.1220394976358635,0.0697964616097624,0.1228557326285004,-0.0008751855917405,-0.0009955661359223,-1.413190226907243,-0.8816683539537095,CHC I80,C:\IEEE\RTKLIB_DATA\IGS\CHC2.pos,True,759213,OK,5193,4028,1165.0,22.434045830926248,USABLE,MEETS_SOLUTION_QC,MODERATE,MCD_CHI2_99.73,0.0619297795213244,0.112918438260583,0.0628049651130649,0.1139140043965053
IGS,Test-2,OEM2,RESULT_PRESENT,TRIMBLE OEM MB2,OEM,FAILED,INSUFFICIENT_CLEAN_EPOCHS,NOT_APPLICABLE,C:\IEEE\RTKLIB_DATA\IGS\OEM2.pos,4247.0,ECEF,C:\IEEE\Ground_Truth\GNSS_GT_v1_3_TRUTH_MODEL_B_LEVEL_TABLE.csv,4213624.2258566925,2370584.9593601283,4146234.502740973,40.8066452788475,29.36210548488808,61.96445000078529,2023-06-05 12:03:05.000,2023-06-05 12:04:00.000,0.9166666666666666,NONE_SMALL_SAMPLE,0.0,0.0,100.0,22.0,4.22454339969425,1.298389647649734,-2.402304559215763,4.419568147797277,5.030273333354073,0.0085071386408896,0.0050388019183035,0.012133652388737,4.22454339969425,1.298389647649734,2.402304559215763,4.224551575930712,1.2983989805061709,2.402333808753486,4.419578705066596,5.030296577634181,4.429486025407587,5.036518648620918,4.4305032996894536,5.04810177213673,22.0,4.22454339969425,1.298389647649734,-2.402304559215763,4.419568147797277,5.030273333354073,0.0085071386408896,0.0050388019183035,0.012133652388737,4.22454339969425,1.298389647649734,2.402304559215763,4.224551575930712,1.2983989805061709,2.402333808753486,4.419578705066596,5.030296577634181,4.429486025407587,5.036518648620918,4.4305032996894536,5.04810177213673,0.0,0.0,0.0,0.0,TRIMBLE OEM MB2,C:\IEEE\RTKLIB_DATA\IGS\OEM2.pos,True,4247,OK,22,22,0.0,0.0,FAILED,INSUFFICIENT_CLEAN_EPOCHS,NOT_APPLICABLE,NONE_SMALL_SAMPLE,4.419578705066596,5.030296577634181,4.419578705066596,5.030296577634181
IGS,Test-2,T12,RESULT_PRESENT,XIAOMI-1,Smartphone,USABLE,MEETS_SOLUTION_QC,HIGH,C:\IEEE\RTKLIB_DATA\IGS\T12.pos,462386.0,ECEF,C:\IEEE\Ground_Truth\GNSS_GT_v1_3_TRUTH_MODEL_B_LEVEL_TABLE.csv,4213624.431924084,2370584.5546303685,4146234.585787047,40.806645955838704,29.36210010718615,62.004450000822544,2023-06-05 11:03:56.001,2023-06-05 12:05:58.001,62.03333333333333,MCD_CHI2_99.73,1219.0,38.57594936708861,61.4240506329114,3160.0,7.4415654884676465,1.3756053263011128,0.4965835403336163,7.567640777210604,7.583916016506972,0.4261007261468866,0.5371240332275476,1.1767681466612416,7.4415654884676465,1.3756053263011128,1.1606285352478911,7.453750820338757,1.4767196560774476,1.2770827150081896,7.598625022617329,7.705195811614321,8.278464867976334,8.481574099740444,8.467244862125456,8.657561255082681,1941.0,7.356979174447624,1.0377693134262895,-0.2566296260457278,7.429812091913585,7.4342428320649905,0.3896699110890268,0.1671531598582599,0.81073091222819,7.356979174447624,1.0377693134262895,0.8244534156488149,7.367286269976658,1.0511379224468085,0.85017924290012,7.441894779946326,7.490300572129972,8.030412249380815,8.059565704596421,8.17520511917144,8.20437132410709,0.1567302426710028,0.214895239484349,2.062613199157675,2.788965325974321,XIAOMI-1,C:\IEEE\RTKLIB_DATA\IGS\T12.pos,True,462386,OK,3160,1941,1219.0,38.57594936708861,USABLE,MEETS_SOLUTION_QC,HIGH,MCD_CHI2_99.73,7.598625022617329,7.705195811614321,7.441894779946326,7.490300572129972
IGS,Test-2,T22,RESULT_PRESENT,XIAOMI-2,Smartphone,USABLE,MEETS_SOLUTION_QC,HIGH,C:\IEEE\RTKLIB_DATA\IGS\T22.pos,544146.0,ECEF,C:\IEEE\Ground_Truth\GNSS_GT_v1_3_TRUTH_MODEL_B_LEVEL_TABLE.csv,4213624.81077623,2370585.1252879505,4146233.879268708,40.80663755059349,29.36210379980534,62.00444999989122,2023-06-05 11:03:27.001,2023-06-05 12:05:25.001,61.96666666666667,MCD_CHI2_99.73,1325.0,35.61827956989247,64.38172043010752,3720.0,5.565954687031941,2.941026355876924,-1.018706303235955,6.295195596965637,6.377087904075668,0.0731494763118856,0.0223414328073347,0.1910270422372341,5.565954687031941,2.941026355876924,1.018706303235955,5.56643521345377,2.941111189908546,1.036457453840256,6.29566009382522,6.380405948731194,6.406666192030454,6.522897718584836,6.422671650127076,6.537666464224173,2395.0,5.55313249222464,2.9386337358836885,-0.994371628148531,6.282742133008068,6.360945184855904,0.0149380458533592,0.013439315958781,0.1692765897927194,5.55313249222464,2.9386337358836885,0.994371628148531,5.553152575631582,2.9386644540460405,1.008671172578718,6.282774252009807,6.363227941548905,6.30005997866846,6.410943383576567,6.317686644226934,6.430258063572374,0.0128858418154136,0.0171780071822889,0.2046781691415021,0.2692306307830603,XIAOMI-2,C:\IEEE\RTKLIB_DATA\IGS\T22.pos,True,544146,OK,3720,2395,1325.0,35.61827956989247,USABLE,MEETS_SOLUTION_QC,HIGH,MCD_CHI2_99.73,6.29566009382522,6.380405948731194,6.282774252009807,6.363227941548905
IGS,Test-3,C3,RESULT_PRESENT,CHC I80,Geodetic,USABLE,MEETS_SOLUTION_QC,LOW,C:\IEEE\RTKLIB_DATA\IGS\CHC3.pos,535395.0,ECEF,C:\IEEE\Ground_Truth\GNSS_GT_v1_3_TRUTH_MODEL_B_LEVEL_TABLE.csv,4213630.062844501,2370578.777845614,4146232.2686800687,40.80661795140109,29.362007720937548,62.06085000000894,2023-06-05 12:08:11.000,2023-06-05 13:09:10.000,60.98333333333333,MCD_CHI2_99.73,673.0,18.387978142076506,81.6120218579235,3660.0,-0.3249725279068524,-0.0004576086640742,0.0043043331638164,0.3249728500965263,0.3250013547415526,0.0062517561916532,0.0044711731407715,0.0160469575192329,0.3249725279068524,0.0035858121899989,0.0140594773444915,0.3250326409313946,0.0044939217634467,0.0166120971913241,0.3250637060695224,0.3254879026580663,0.3354014076360851,0.3362082908729347,0.3369484110532676,0.3374416349998339,2987.0,-0.3256868493853491,0.0001329329061368,0.0051655415735116,0.3256868765144101,0.3257278378546425,0.0050966892074858,0.004047746064312,0.0126560563918182,0.3256868493853491,0.003320444886804,0.0115303864085313,0.3257267127624035,0.0040492510632813,0.0136676610598701,0.3257518807945317,0.3260384836181493,0.3355554070634985,0.3362957307658079,0.3370091807719603,0.3375447785913615,-0.0006881747250093,-0.000550580960083,-0.2117045711840048,-0.1691555832295972,CHC I80,C:\IEEE\RTKLIB_DATA\IGS\CHC3.pos,True,535395,OK,3660,2987,673.0,18.387978142076506,USABLE,MEETS_SOLUTION_QC,LOW,MCD_CHI2_99.73,0.3250637060695224,0.3254879026580663,0.3257518807945317,0.3260384836181493
IGS,Test-3,OEM3,RESULT_PRESENT,TRIMBLE OEM MB2,OEM,USABLE,MEETS_SOLUTION_QC,MODERATE,C:\IEEE\RTKLIB_DATA\IGS\OEM3.pos,332017.0,ECEF,C:\IEEE\Ground_Truth\GNSS_GT_v1_3_TRUTH_MODEL_B_LEVEL_TABLE.csv,4213629.251200865,2370579.026757872,4146232.778311836,40.806624869547086,29.36201500816637,61.95084999874234,2023-06-05 12:13:13.000,2023-06-05 12:51:55.000,38.7,MCD_CHI2_99.73,766.0,33.78914865460962,66.21085134539038,2267.0,0.5821915728700332,0.6851888355139238,-0.8267571027136521,0.8991277817050312,1.2214573568984233,0.0698587776118117,0.048344946970503,0.0609013690026902,0.5821915728700332,0.6851888355139238,0.8267571027136521,0.5863660320959366,0.6868915076120251,0.828996168604658,0.9031307030687494,1.2259199461574384,1.0032383451942029,1.3142867469101958,1.0073573597526475,1.3232368905093512,1501.0,0.5514986421227586,0.6638655463004788,-0.847043862483627,0.8630574811842371,1.2092772720924103,0.0656151767871744,0.0455644479296226,0.0565160277951947,0.5514986421227586,0.6638655463004788,0.847043862483627,0.5553856636302293,0.665426328997277,0.8489259322304278,0.866744157574069,1.2132273789781056,0.9486247322235084,1.319136010074807,0.9515839904999448,1.3237215193994465,0.0363865454946804,0.0126925671793327,4.028934612791099,1.0353504092266983,TRIMBLE OEM MB2,C:\IEEE\RTKLIB_DATA\IGS\OEM3.pos,True,332017,OK,2267,1501,766.0,33.78914865460962,USABLE,MEETS_SOLUTION_QC,MODERATE,MCD_CHI2_99.73,0.9031307030687494,1.2259199461574384,0.866744157574069,1.2132273789781056
IGS,Test-3,T13,RESULT_PRESENT,XIAOMI-1,Smartphone,USABLE,MEETS_SOLUTION_QC,HIGH,C:\IEEE\RTKLIB_DATA\IGS\T13.pos,534510.0,ECEF,C:\IEEE\Ground_Truth\GNSS_GT_v1_3_TRUTH_MODEL_B_LEVEL_TABLE.csv,4213629.450004504,2370578.6202026657,4146232.8697262257,40.80662564609365,29.362009653819914,61.99085000064224,2023-06-05 12:08:03.223,2023-06-05 13:09:02.001,60.97963333333333,MCD_CHI2_99.73,1427.0,39.05309250136836,60.94690749863164,3654.0,4.0398353054460046,0.7272338432268062,0.7704548945522368,4.104770195499675,4.176450538723276,1.2254814272762051,0.2884774071676655,0.7853861932201933,4.0398353054460046,0.7272338432268062,1.0153034246395487,4.221571155481193,0.7823461525146933,1.1001197239908085,4.293451819124719,4.432154321575341,7.293530899639083,7.766377288067591,7.786643103794516,8.039503869262816,2227.0,3.3053309243801987,0.6440228896036463,1.0525536645246931,3.367488381865257,3.528150679704858,0.4739685405914206,0.0430804596796976,0.1923275960072692,3.3053309243801987,0.6440228896036463,1.0525536645246931,3.3391253081059187,0.6454615209016705,1.0699731357115307,3.400937870381955,3.5652799201945573,3.895978344248682,4.034631197247254,4.032860501270714,4.109967933487205,0.8925139487427645,0.8668744013807839,20.78779467763344,19.55875943129766,XIAOMI-1,C:\IEEE\RTKLIB_DATA\IGS\T13.pos,True,534510,OK,3654,2227,1427.0,39.05309250136836,USABLE,MEETS_SOLUTION_QC,HIGH,MCD_CHI2_99.73,4.293451819124719,4.432154321575341,3.400937870381955,3.5652799201945573
IGS,Test-3,T23,RESULT_PRESENT,XIAOMI-2,Smartphone,USABLE,MEETS_SOLUTION_QC,MODERATE,C:\IEEE\RTKLIB_DATA\IGS\T23.pos,534656.0,ECEF,C:\IEEE\Ground_Truth\GNSS_GT_v1_3_TRUTH_MODEL_B_LEVEL_TABLE.csv,4213629.844250305,2370579.1732667023,4146232.157660443,40.80661717485464,29.36201307528341,61.99084999971092,2023-06-05 12:08:29.001,2023-06-05 13:09:23.001,60.9,MCD_CHI2_99.73,1187.0,32.47606019151847,67.52393980848153,3655.0,0.7706273974108917,1.2325474651178625,-3.7831554775254888,1.4536298839143178,4.052814479659766,0.0675870568063657,0.0742694247068583,0.0978430256351164,0.7706273974108917,1.2325474651178625,3.7831554775254888,0.7735847374983724,1.2347824472608964,3.7844201676841065,1.4570933525872782,4.055238222808647,1.630474732114056,4.168412172786846,1.6419353684295854,4.183275973911418,2468.0,0.7615752768537739,1.2063026127340932,-3.827080388647356,1.4265913555759413,4.084324570473458,0.0110301099929435,0.0210132716916626,0.0466723880979461,0.7615752768537739,1.2063026127340932,3.827080388647356,0.7616551164044231,1.206485545774654,3.827364854617034,1.426788662874849,4.084660037122535,1.460888890315066,4.161982141343196,1.4630480491905216,4.181182443206584,0.0303046897124292,-0.0294218143138875,2.079804266392332,-0.7255261638737983,XIAOMI-2,C:\IEEE\RTKLIB_DATA\IGS\T23.pos,True,534656,OK,3655,2468,1187.0,32.47606019151847,USABLE,MEETS_SOLUTION_QC,MODERATE,MCD_CHI2_99.73,1.4570933525872782,4.055238222808647,1.426788662874849,4.084660037122535
JAX,Test-1,C1,RESULT_PRESENT,CHC I80,Geodetic,USABLE,MEETS_SOLUTION_QC,HIGH,C:\IEEE\RTKLIB_DATA\JAX\CHC1.pos,818789.0,ECEF,C:\IEEE\Ground_Truth\GNSS_GT_v1_3_TRUTH_MODEL_B_LEVEL_TABLE.csv,4213630.344056461,2370585.555446905,4146228.139523509,40.80656880861399,29.362076089712488,62.06335000041872,2023-06-05 09:05:29.000,2023-06-05 10:38:49.000,93.33333333333331,MCD_CHI2_99.73,2231.0,39.832172826281024,60.167827173718976,5601.0,-0.0046966671006094,0.6158133165615712,2.517814661405685,0.615831226503184,2.592033712883735,0.0013084030445833,0.0050302604397869,0.0377837616049707,0.0046966671006094,0.6158133165615712,2.517814661405685,0.0048754789237432,0.6158338573486968,2.518098097164829,0.6158531563219521,2.5923142435084605,0.6226886503199464,2.655781242647249,0.6236170425948303,2.665159395542359,3370.0,-0.0052705697714158,0.6135163832293171,2.5147580499852715,0.6135390219020284,2.5885204618395856,0.0005025815722567,0.0045132832396628,0.0405139076506748,0.0052705697714158,0.6135163832293171,2.5147580499852715,0.0052944706062207,0.6135329788788494,2.5150842808191243,0.6135558227178313,2.588841379307432,0.6201263883673356,2.6470042801054228,0.620711620434612,2.651939275690068,0.0022973336041208,0.0034728642010288,0.3730326914034504,0.1339677166734491,CHC I80,C:\IEEE\RTKLIB_DATA\JAX\CHC1.pos,True,818789,OK,5601,3370,2231.0,39.832172826281024,USABLE,MEETS_SOLUTION_QC,HIGH,MCD_CHI2_99.73,0.6158531563219521,2.5923142435084605,0.6135558227178313,2.588841379307432
JAX,Test-1,OEM1,NO_RESULT_ROW,,,,,,,,,,,,,,,,,,,,,,,,,,,,,,,,,,,,,,,,,,,,,,,,,,,,,,,,,,,,,,,,,,,,,TRIMBLE OEM MB2,C:\IEEE\RTKLIB_DATA\JAX\OEM1.pos,True,1043,EMPTY_OR_UNPARSEABLE,0,0,,,FAILED,EMPTY_OR_UNPARSEABLE,NOT_APPLICABLE,,,,,
JAX,Test-1,T11,RESULT_PRESENT,XIAOMI-1,Smartphone,USABLE,MEETS_SOLUTION_QC,HIGH,C:\IEEE\RTKLIB_DATA\JAX\T11.pos,769578.0,ECEF,C:\IEEE\Ground_Truth\GNSS_GT_v1_3_TRUTH_MODEL_B_LEVEL_TABLE.csv,4213629.714091625,2370585.4419688587,4146228.732775257,40.80657641057263,29.362078578271213,61.99335000105202,2023-06-05 09:08:38.000,2023-06-05 10:36:21.000,87.71666666666667,MCD_CHI2_99.73,1879.0,35.69528875379939,64.30471124620061,5264.0,8.019571424926912,3.8685164010425175,2.7099430592507083,8.90387247126997,9.307133627977,0.2399041604084053,0.1424181228250136,0.8375990125336618,8.019571424926912,3.8685164010425175,2.7099430592507083,8.0231582878673,3.871136553223786,2.836411502727122,8.908241528263536,9.34890353670856,9.069075835637491,9.650412288999792,9.119731341048864,9.686458060112503,3385.0,7.954572876082867,3.8650765409449663,3.150494606299294,8.84387055017634,9.388272608557834,0.0431407081500308,0.033653906483526,0.46351655132977,7.954572876082867,3.8650765409449663,3.150494606299294,7.954689824989962,3.865223010150283,3.184399533223196,8.844039751719462,9.399863803118969,8.915409682970216,9.670024468994042,8.93813962235061,9.686667219647068,0.0642017765440741,-0.0509602664104065,0.7207008963596075,-0.545093509739517,XIAOMI-1,C:\IEEE\RTKLIB_DATA\JAX\T11.pos,True,769578,OK,5264,3385,1879.0,35.69528875379939,USABLE,MEETS_SOLUTION_QC,HIGH,MCD_CHI2_99.73,8.908241528263536,9.34890353670856,8.844039751719462,9.399863803118969
JAX,Test-1,T21,RESULT_PRESENT,XIAOMI-2,Smartphone,USABLE,MEETS_SOLUTION_QC,MODERATE,C:\IEEE\RTKLIB_DATA\JAX\T21.pos,771914.0,ECEF,C:\IEEE\Ground_Truth\GNSS_GT_v1_3_TRUTH_MODEL_B_LEVEL_TABLE.csv,4213630.142251923,2370585.9540662337,4146228.009738437,40.8065678088207,29.362081379525588,61.99334999918938,2023-06-05 09:08:38.000,2023-06-05 10:36:37.001,87.98335,MCD_CHI2_99.73,1788.0,33.86363636363637,66.13636363636364,5280.0,6.440013425038222,4.4085590608325,1.9881502067520067,7.8044324526208095,8.053689039944919,0.235456951515077,0.2345491725516434,0.6403389875311057,6.440013425038222,4.414176219576507,1.9881502067520067,6.444315509865563,4.414792847688855,2.088707161284768,7.811504226376538,8.085931973761639,7.83264287863165,8.077325527511917,7.839288641984033,8.087092043589072,3492.0,6.445267117157725,4.421171282719905,1.9067910275363693,7.815895580332545,8.045127453642671,0.0167295421177445,0.0036187075338115,0.02998777329737,6.445267117157725,4.421171282719905,1.9067910275363693,6.445288822771706,4.421172763242957,1.9070267517050243,7.815914317044887,8.045201529054811,7.833933870746319,8.07846190078127,7.839080929145783,8.087428366543932,-0.0044100906683492,0.0407304447068277,-0.0564563564269486,0.5037198536791501,XIAOMI-2,C:\IEEE\RTKLIB_DATA\JAX\T21.pos,True,771914,OK,5280,3492,1788.0,33.86363636363637,USABLE,MEETS_SOLUTION_QC,MODERATE,MCD_CHI2_99.73,7.811504226376538,8.085931973761639,7.815914317044887,8.045201529054811
JAX,Test-2,C2,RESULT_PRESENT,CHC I80,Geodetic,USABLE,MEETS_SOLUTION_QC,HIGH,C:\IEEE\RTKLIB_DATA\JAX\CHC2.pos,759221.0,ECEF,C:\IEEE\Ground_Truth\GNSS_GT_v1_3_TRUTH_MODEL_B_LEVEL_TABLE.csv,4213625.036634153,2370584.7316923365,4146233.981920026,40.80663822758461,29.362098422104022,62.074450000189245,2023-06-05 10:39:09.000,2023-06-05 12:05:41.000,86.53333333333333,MCD_CHI2_99.73,2265.0,43.61640670132872,56.383593298671286,5193.0,-0.0158813121084861,-0.2201106535319605,-0.6011848828169744,0.2206828400047314,0.6404093840663276,0.0061267535868297,0.0054967202331111,0.0203336154911798,0.0158813121084861,0.2201106535319605,0.6011848828169744,0.0170219257252353,0.2201792631320757,0.6015285858782363,0.2208362603124298,0.6407849042365542,0.2273243760570938,0.6585183006049568,0.2277332519207221,0.663370253070284,2928.0,-0.0175849538746756,-0.2237240979720094,-0.6138298901272325,0.2244141319439659,0.653566245020177,0.0042315377586943,0.0013815296111498,0.0050730280038533,0.0175849538746756,0.2237240979720094,0.6138298901272325,0.0180867465059553,0.2237283620500612,0.6138508457575447,0.2244582597829137,0.6536010795753224,0.2274860360938416,0.6585183006049568,0.2277308741804316,0.6589036870784715,-0.0036219994704838,-0.0128161753387682,-1.640128964944257,-2.000074479600562,CHC I80,C:\IEEE\RTKLIB_DATA\JAX\CHC2.pos,True,759221,OK,5193,2928,2265.0,43.61640670132872,USABLE,MEETS_SOLUTION_QC,HIGH,MCD_CHI2_99.73,0.2208362603124298,0.6407849042365542,0.2244582597829137,0.6536010795753224
JAX,Test-2,OEM2,RESULT_PRESENT,TRIMBLE OEM MB2,OEM,USABLE,MEETS_SOLUTION_QC,HIGH,C:\IEEE\RTKLIB_DATA\JAX\OEM2.pos,521679.0,ECEF,C:\IEEE\Ground_Truth\GNSS_GT_v1_3_TRUTH_MODEL_B_LEVEL_TABLE.csv,4213624.2258566925,2370584.9593601283,4146234.502740973,40.8066452788475,29.36210548488808,61.96445000078529,2023-06-05 11:05:35.000,2023-06-05 12:05:00.000,59.41666666666666,MCD_CHI2_99.73,1326.0,37.184520471116095,62.81547952888391,3566.0,-0.3006105045336583,-0.3856304048758174,0.7137505059552242,0.4889555037021952,0.8651689253273062,0.0114450374885484,0.0055650681211988,0.0274788035956748,0.3006105045336583,0.3856304048758174,0.7137505059552242,0.3008282360191174,0.3856705465330277,0.7142791174693783,0.4891210464184281,0.8656985940281363,0.4987180172135519,0.9288498905269964,0.499213786988583,0.9592171458466288,2240.0,-0.3039998908930241,-0.3890150953017455,0.7087367157635998,0.4937091026460792,0.863745570354471,0.0071527835721281,0.0021288072507026,0.0087288104766603,0.3039998908930241,0.3890150953017455,0.7087367157635998,0.3040839902649958,0.3890209173936573,0.7087904418016416,0.4937654780412304,0.8638218784533367,0.4987849815578331,0.8704993040285505,0.4989971348765867,0.8706105137709848,-0.0046444316228023,0.0018767155747996,-0.9495464684684912,0.2167862565269027,TRIMBLE OEM MB2,C:\IEEE\RTKLIB_DATA\JAX\OEM2.pos,True,521679,OK,3566,2240,1326.0,37.184520471116095,USABLE,MEETS_SOLUTION_QC,HIGH,MCD_CHI2_99.73,0.4891210464184281,0.8656985940281363,0.4937654780412304,0.8638218784533367
JAX,Test-2,T12,RESULT_PRESENT,XIAOMI-1,Smartphone,USABLE,MEETS_SOLUTION_QC,MODERATE,C:\IEEE\RTKLIB_DATA\JAX\T12.pos,544446.0,ECEF,C:\IEEE\Ground_Truth\GNSS_GT_v1_3_TRUTH_MODEL_B_LEVEL_TABLE.csv,4213624.431924084,2370584.5546303685,4146234.585787047,40.806645955838704,29.36210010718615,62.004450000822544,2023-06-05 11:03:56.001,2023-06-05 12:05:58.001,62.03333333333333,MCD_CHI2_99.73,1211.0,32.53627082213863,67.46372917786137,3722.0,5.36434283337701,3.939850735283738,-11.676134519457632,6.655719183553277,13.439892676907402,1.2242066391885298,1.479094998113485,3.20959100529983,5.36434283337701,3.939850735283738,11.676134519457632,5.50222257587245,4.2082725729753,12.109121521078317,6.9270492507919,13.950442119701393,7.477971152141128,18.53459909757484,7.484137258248029,18.627777123744966,2511.0,4.6486884414180825,4.791973380193693,-9.755839776086642,6.676324819978357,11.82157869485008,0.5071747866925481,0.6429869309360766,1.190173330344407,4.6486884414180825,4.791973380193693,9.755839776086642,4.676262187886817,4.83490190401163,9.828141135029323,6.726344064294904,11.909494642566946,6.926759861284718,13.780799200674462,6.945114667884326,14.772231470716337,0.2007051864969957,2.0409474771344467,2.897412436818623,14.629984194207982,XIAOMI-1,C:\IEEE\RTKLIB_DATA\JAX\T12.pos,True,544446,OK,3722,2511,1211.0,32.53627082213863,USABLE,MEETS_SOLUTION_QC,MODERATE,MCD_CHI2_99.73,6.9270492507919,13.950442119701393,6.726344064294904,11.909494642566946
JAX,Test-2,T22,RESULT_PRESENT,XIAOMI-2,Smartphone,USABLE,MEETS_SOLUTION_QC,HIGH,C:\IEEE\RTKLIB_DATA\JAX\T22.pos,544154.0,ECEF,C:\IEEE\Ground_Truth\GNSS_GT_v1_3_TRUTH_MODEL_B_LEVEL_TABLE.csv,4213624.81077623,2370585.1252879505,4146233.879268708,40.80663755059349,29.36210379980534,62.00444999989122,2023-06-05 11:03:27.001,2023-06-05 12:05:25.001,61.96666666666667,MCD_CHI2_99.73,1347.0,36.20967741935484,63.79032258064516,3720.0,5.277657243450354,4.2846103695683935,-3.654595438386069,6.797907913347826,7.718006207345862,0.0221407773489384,0.0207046609444606,0.0390420100885999,5.277657243450354,4.2846103695683935,3.654595438386069,5.277703673150628,4.284660381729276,3.65480391910041,6.797975481593626,7.718164440812325,6.879507680754469,7.775507157895588,6.922773581397978,7.884647035604203,2373.0,5.273170821848818,4.276789120003045,-3.6746142935174273,6.789495982278372,7.72010659897237,0.0081267608164074,0.0059594606410092,0.0110090699588007,5.273170821848818,4.276789120003045,3.6746142935174273,5.273177081495327,4.276793270334819,3.674630778006072,6.7895034582794604,7.720121020078524,6.801607133249351,7.728742116296182,6.805992672516663,7.730511753854836,0.0084720233141659,-0.0019565792661992,0.1246256821182282,-0.0253503184753779,XIAOMI-2,C:\IEEE\RTKLIB_DATA\JAX\T22.pos,True,544154,OK,3720,2373,1347.0,36.20967741935484,USABLE,MEETS_SOLUTION_QC,HIGH,MCD_CHI2_99.73,6.797975481593626,7.718164440812325,6.7895034582794604,7.720121020078524
JAX,Test-3,C3,RESULT_PRESENT,CHC I80,Geodetic,USABLE,MEETS_SOLUTION_QC,MODERATE,C:\IEEE\RTKLIB_DATA\JAX\CHC3.pos,535403.0,ECEF,C:\IEEE\Ground_Truth\GNSS_GT_v1_3_TRUTH_MODEL_B_LEVEL_TABLE.csv,4213630.062844501,2370578.777845614,4146232.2686800687,40.80661795140109,29.362007720937548,62.06085000000894,2023-06-05 12:08:11.000,2023-06-05 13:09:10.000,60.98333333333333,MCD_CHI2_99.73,788.0,21.530054644808743,78.46994535519126,3660.0,-0.201930848634401,-0.0892645447704677,-0.0234828863294089,0.2207809470567789,0.2220262879337673,0.0071745024109769,0.0038048172779418,0.0126315953828438,0.201930848634401,0.0892645447704677,0.0234828863294089,0.2020582268833932,0.0893455742173765,0.0266638248833866,0.2209302122469752,0.2225334092690476,0.2312883280158738,0.2342584999787836,0.2323537911465425,0.2355211590963629,2872.0,-0.2015592208267886,-0.0890250520000277,-0.023893118144746,0.2203442292956858,0.2216358736274175,0.0074366535639853,0.0039470936795833,0.0084779273868561,0.2015592208267886,0.0890250520000277,0.023893118144746,0.2016963164272701,0.0891124795272197,0.0253521462849474,0.2205049615492101,0.2219575846621872,0.2315277328517274,0.233730412629742,0.2323995854160369,0.2356202989488199,0.0004252506977651,0.0005758246068603,0.1924819124736804,0.2587587224551139,CHC I80,C:\IEEE\RTKLIB_DATA\JAX\CHC3.pos,True,535403,OK,3660,2872,788.0,21.530054644808743,USABLE,MEETS_SOLUTION_QC,MODERATE,MCD_CHI2_99.73,0.2209302122469752,0.2225334092690476,0.2205049615492101,0.2219575846621872
JAX,Test-3,OEM3,RESULT_PRESENT,TRIMBLE OEM MB2,OEM,USABLE,MEETS_SOLUTION_QC,LOW,C:\IEEE\RTKLIB_DATA\JAX\OEM3.pos,466053.0,ECEF,C:\IEEE\Ground_Truth\GNSS_GT_v1_3_TRUTH_MODEL_B_LEVEL_TABLE.csv,4213629.251200865,2370579.026757872,4146232.778311836,40.806624869547086,29.36201500816637,61.95084999874234,2023-06-05 12:08:39.000,2023-06-05 13:01:44.000,53.083333333333336,MCD_CHI2_99.73,377.0,11.83673469387755,88.16326530612245,3185.0,-0.0693014118158,-0.0410745351273151,0.3439106756209734,0.0805593142695998,0.3532199823363092,0.0208922025567212,0.014140519766322,0.010984437849986,0.0693014118158,0.0410745351273151,0.3439106756209734,0.0723811630443447,0.0434397163340993,0.3440859962244778,0.0844158854649943,0.3542897324459607,0.117446779379393,0.3738395290526008,0.1205367235298481,0.3768513448228804,2808.0,-0.0654579149953197,-0.0389669852427394,0.3441684306745992,0.076178504674497,0.3524983308435073,0.0191411894216609,0.0136709005569095,0.0116379759158321,0.0654579149953197,0.0389669852427394,0.3441684306745992,0.068198191244157,0.0412947079348273,0.3443650721573418,0.0797260697162309,0.3534735479697576,0.109431975060437,0.374325264196565,0.1138860807613567,0.3768599513084256,0.0046898157487633,0.0008161844762031,5.555608074155871,0.2303720377580012,TRIMBLE OEM MB2,C:\IEEE\RTKLIB_DATA\JAX\OEM3.pos,True,466053,OK,3185,2808,377.0,11.83673469387755,USABLE,MEETS_SOLUTION_QC,LOW,MCD_CHI2_99.73,0.0844158854649943,0.3542897324459607,0.0797260697162309,0.3534735479697576
JAX,Test-3,T13,RESULT_PRESENT,XIAOMI-1,Smartphone,USABLE,MEETS_SOLUTION_QC,HIGH,C:\IEEE\RTKLIB_DATA\JAX\T13.pos,534956.0,ECEF,C:\IEEE\Ground_Truth\GNSS_GT_v1_3_TRUTH_MODEL_B_LEVEL_TABLE.csv,4213629.450004504,2370578.6202026657,4146232.8697262257,40.80662564609365,29.362009653819914,61.99085000064224,2023-06-05 12:08:03.223,2023-06-05 13:09:02.001,60.97963333333333,MCD_CHI2_99.73,1437.0,39.29450369155045,60.70549630844955,3657.0,4.104783861132606,0.8227476337387579,0.6757420213739738,4.186426186550699,4.240612160394772,1.1665277833203973,0.3504371223215704,0.9575079587530632,4.104783861132606,0.8227476337387579,0.9957860320314672,4.267278466554944,0.8942517902682914,1.1718353414010363,4.35997153379716,4.514703738107081,7.19944634215674,7.979641991963086,7.781831162126147,8.260219697745288,2220.0,3.409347041690347,0.7304440487972378,1.0654798089511246,3.486717046034281,3.6458802753777513,0.4354168080235635,0.0589825427006121,0.2645495621209083,3.409347041690347,0.7304440487972378,1.0654798089511246,3.437026279719683,0.7328204975821065,1.097817001445862,3.5142816519397257,3.6817628519262064,3.992556751959101,4.117857345418988,3.999716021920119,4.127479235268954,0.8456898818574343,0.8329408861808747,19.39668356322756,18.44951373332216,XIAOMI-1,C:\IEEE\RTKLIB_DATA\JAX\T13.pos,True,534956,OK,3657,2220,1437.0,39.29450369155045,USABLE,MEETS_SOLUTION_QC,HIGH,MCD_CHI2_99.73,4.35997153379716,4.514703738107081,3.5142816519397257,3.6817628519262064
JAX,Test-3,T23,RESULT_PRESENT,XIAOMI-2,Smartphone,USABLE,MEETS_SOLUTION_QC,MODERATE,C:\IEEE\RTKLIB_DATA\JAX\T23.pos,534664.0,ECEF,C:\IEEE\Ground_Truth\GNSS_GT_v1_3_TRUTH_MODEL_B_LEVEL_TABLE.csv,4213629.844250305,2370579.1732667023,4146232.157660443,40.80661717485464,29.36201307528341,61.99084999971092,2023-06-05 12:08:29.001,2023-06-05 13:09:23.001,60.9,MCD_CHI2_99.73,1201.0,32.85909712722298,67.14090287277702,3655.0,0.6295436725347038,1.6265447868646887,-4.360642015030997,1.7441253335999618,4.696506357129603,0.0699240758886206,0.0690617930995988,0.0928151350594306,0.6295436725347038,1.6265447868646887,4.360642015030997,0.6334139833431859,1.6280098801940706,4.361629406036292,1.746891365913803,4.698450863838494,1.824207845628784,4.821968883674029,1.829044850748323,4.841829685682883,2454.0,0.6264524341019824,1.6425659454332042,-4.397702604833516,1.757971995592983,4.7360588824304815,0.0121753588569352,0.0298826491547336,0.0329614278202747,0.6264524341019824,1.6425659454332042,4.397702604833516,0.6265706912618522,1.642837634683603,4.397826078138488,1.7582679901201557,4.73628340987278,1.8048730357197624,4.801508097139072,1.8072428169334045,4.814344168968674,-0.0113766242063526,-0.0378325460342852,-0.6512496671710046,-0.8052131889994301,XIAOMI-2,C:\IEEE\RTKLIB_DATA\JAX\T23.pos,True,534664,OK,3655,2454,1201.0,32.85909712722298,USABLE,MEETS_SOLUTION_QC,MODERATE,MCD_CHI2_99.73,1.746891365913803,4.698450863838494,1.7582679901201557,4.73628340987278
WHU,Test-1,C1,RESULT_PRESENT,CHC I80,Geodetic,USABLE,MEETS_SOLUTION_QC,LOW,C:\IEEE\RTKLIB_DATA\WHU\CHC1.pos,818351.0,ECEF,C:\IEEE\Ground_Truth\GNSS_GT_v1_3_TRUTH_MODEL_B_LEVEL_TABLE.csv,4213630.344056461,2370585.555446905,4146228.139523509,40.80656880861399,29.362076089712488,62.06335000041872,2023-06-05 09:05:29.000,2023-06-05 10:38:49.000,93.33333333333331,MCD_CHI2_99.73,527.0,9.4140764558771,90.5859235441229,5598.0,0.3489785036432368,0.0055725374575957,0.3781048670211073,0.3490229923354462,0.5145681098201075,0.0056356348003017,0.0030489604249577,0.0090448090915107,0.3489785036432368,0.0055890896995794,0.3781048670211073,0.3490239973284822,0.0063519817984369,0.3782130146130066,0.3490817932575689,0.5146874612875065,0.3586365852153597,0.5321749729492984,0.3634986275572262,0.5353129826739824,5071.0,0.3479502986216124,0.0052591697840486,0.3771094277843378,0.3479900417794835,0.5131360343042743,0.0046311008495744,0.0028793184478895,0.0086647918590163,0.3479502986216124,0.0052718368438155,0.3771094277843378,0.34798111037323,0.0059956406381764,0.3772089398944637,0.3480327583479007,0.5132381369496556,0.3569998664118158,0.5315703542000225,0.3580744514971677,0.5335475336185332,0.0010490349096682,0.0014493243378509,0.3005126391379016,0.281593092286611,CHC I80,C:\IEEE\RTKLIB_DATA\WHU\CHC1.pos,True,818351,OK,5598,5071,527.0,9.4140764558771,USABLE,MEETS_SOLUTION_QC,LOW,MCD_CHI2_99.73,0.3490817932575689,0.5146874612875065,0.3480327583479007,0.5132381369496556
WHU,Test-1,OEM1,NO_RESULT_ROW,,,,,,,,,,,,,,,,,,,,,,,,,,,,,,,,,,,,,,,,,,,,,,,,,,,,,,,,,,,,,,,,,,,,,TRIMBLE OEM MB2,C:\IEEE\RTKLIB_DATA\WHU\OEM1.pos,True,1043,EMPTY_OR_UNPARSEABLE,0,0,,,FAILED,EMPTY_OR_UNPARSEABLE,NOT_APPLICABLE,,,,,
WHU,Test-1,T11,RESULT_PRESENT,XIAOMI-1,Smartphone,USABLE,MEETS_SOLUTION_QC,HIGH,C:\IEEE\RTKLIB_DATA\WHU\T11.pos,769578.0,ECEF,C:\IEEE\Ground_Truth\GNSS_GT_v1_3_TRUTH_MODEL_B_LEVEL_TABLE.csv,4213629.714091625,2370585.4419688587,4146228.732775257,40.80657641057263,29.362078578271213,61.99335000105202,2023-06-05 09:08:38.000,2023-06-05 10:36:21.000,87.71666666666667,MCD_CHI2_99.73,2520.0,47.87234042553192,52.12765957446808,5264.0,2.804542513483022,0.2074427047582409,0.2272480208705374,2.8122039729882826,2.8213707393181524,0.0919463603584588,0.1343622946581272,0.2656908410645758,2.804542513483022,0.2316933830405614,0.2532097472603817,2.806049043956376,0.2471482802265868,0.3495995934672194,2.8169120521428166,2.8385230993000388,2.9538249821262754,3.064355662481046,2.9755774211708896,3.075196958327924,2744.0,2.786201524268122,0.2310852767209151,0.2783234849116924,2.7957681125141955,2.8095877457742047,0.0700133383669913,0.1057767477610752,0.1845092757027517,2.786201524268122,0.2336926765860293,0.2783234849116924,2.7870807334895087,0.2541358848374083,0.3339090122884351,2.798643253962625,2.818492379169748,2.9028108682373195,2.961206722108354,2.9806066529131825,3.083099664098785,0.0182687981801916,0.0200307201302907,0.64853988488191,0.705674022354448,XIAOMI-1,C:\IEEE\RTKLIB_DATA\WHU\T11.pos,True,769578,OK,5264,2744,2520.0,47.87234042553192,USABLE,MEETS_SOLUTION_QC,HIGH,MCD_CHI2_99.73,2.8169120521428166,2.8385230993000388,2.798643253962625,2.818492379169748
WHU,Test-1,T21,RESULT_PRESENT,XIAOMI-2,Smartphone,USABLE,MEETS_SOLUTION_QC,HIGH,C:\IEEE\RTKLIB_DATA\WHU\T21.pos,771914.0,ECEF,C:\IEEE\Ground_Truth\GNSS_GT_v1_3_TRUTH_MODEL_B_LEVEL_TABLE.csv,4213630.142251923,2370585.9540662337,4146228.009738437,40.8065678088207,29.362081379525588,61.99334999918938,2023-06-05 09:08:38.000,2023-06-05 10:36:37.001,87.98335,MCD_CHI2_99.73,2166.0,41.02272727272727,58.97727272727273,5280.0,2.64912214096246,-0.71407047263929,-1.6189397877865068,2.743673588026248,3.18570412846376,0.0471729629684767,0.0902973596785402,0.0957606962582035,2.64912214096246,0.71407047263929,1.6189397877865068,2.6495420330156323,0.7197560064461408,1.6217689140758125,2.745564002811063,3.188770312235509,2.811735355717661,3.232566231792792,2.8122995134124054,3.261720075704789,3114.0,2.682109084697156,-0.7763029236769022,-1.561147080333257,2.792195439349531,3.198989774594063,0.0124276583056856,0.0222694880418287,0.0220967145924701,2.682109084697156,0.7763029236769022,1.561147080333257,2.6821378673193617,0.776622173356344,1.561303402427656,2.792311862857941,3.199167681427368,2.811931952604997,3.209618489100031,2.812502736075964,3.210786800724156,-0.046747860046878,-0.010397369191859,-1.7026687412500654,-0.3260620293648534,XIAOMI-2,C:\IEEE\RTKLIB_DATA\WHU\T21.pos,True,771914,OK,5280,3114,2166.0,41.02272727272727,USABLE,MEETS_SOLUTION_QC,HIGH,MCD_CHI2_99.73,2.745564002811063,3.188770312235509,2.792311862857941,3.199167681427368
WHU,Test-2,C2,RESULT_PRESENT,CHC I80,Geodetic,USABLE,MEETS_SOLUTION_QC,LOW,C:\IEEE\RTKLIB_DATA\WHU\CHC2.pos,759221.0,ECEF,C:\IEEE\Ground_Truth\GNSS_GT_v1_3_TRUTH_MODEL_B_LEVEL_TABLE.csv,4213625.036634153,2370584.7316923365,4146233.981920026,40.80663822758461,29.362098422104022,62.074450000189245,2023-06-05 10:39:09.000,2023-06-05 12:05:41.000,86.53333333333333,MCD_CHI2_99.73,761.0,14.654342383978433,85.34565761602157,5193.0,0.2932591413947959,0.038179291861446,0.1174828743772369,0.2957339722430522,0.3182150343880566,0.0086220052921121,0.003078165713131,0.0056983607508521,0.2932591413947959,0.038179291861446,0.1174828743772369,0.2933858358401831,0.0383031540033895,0.1176209625631563,0.295875616227918,0.318397661914364,0.3112849625346595,0.3316046413030326,0.3122929481257018,0.332598191210574,4432.0,0.2948059892767433,0.0375298226763091,0.1187439871915055,0.2971852265903447,0.3200299882787407,0.0082868025364579,0.0027782376193098,0.0048870474797652,0.2948059892767433,0.0375298226763091,0.1187439871915055,0.29492240829638,0.0376324919826234,0.1188444880437867,0.2973136918612374,0.3201865763996808,0.3113870130058376,0.3318069535536564,0.3123023284528394,0.3326708627360439,-0.0014380756333194,-0.0017889144853168,-0.4860406043773683,-0.5618491274593473,CHC I80,C:\IEEE\RTKLIB_DATA\WHU\CHC2.pos,True,759221,OK,5193,4432,761.0,14.654342383978433,USABLE,MEETS_SOLUTION_QC,LOW,MCD_CHI2_99.73,0.295875616227918,0.318397661914364,0.2973136918612374,0.3201865763996808
WHU,Test-2,OEM2,NO_RESULT_ROW,,,,,,,,,,,,,,,,,,,,,,,,,,,,,,,,,,,,,,,,,,,,,,,,,,,,,,,,,,,,,,,,,,,,,TRIMBLE OEM MB2,C:\IEEE\RTKLIB_DATA\WHU\OEM2.pos,True,1043,EMPTY_OR_UNPARSEABLE,0,0,,,FAILED,EMPTY_OR_UNPARSEABLE,NOT_APPLICABLE,,,,,
WHU,Test-2,T12,RESULT_PRESENT,XIAOMI-1,Smartphone,USABLE,MEETS_SOLUTION_QC,MODERATE,C:\IEEE\RTKLIB_DATA\WHU\T12.pos,544446.0,ECEF,C:\IEEE\Ground_Truth\GNSS_GT_v1_3_TRUTH_MODEL_B_LEVEL_TABLE.csv,4213624.431924084,2370584.5546303685,4146234.585787047,40.806645955838704,29.36210010718615,62.004450000822544,2023-06-05 11:03:56.001,2023-06-05 12:05:58.001,62.03333333333333,MCD_CHI2_99.73,1241.0,33.34228909188608,66.65771090811391,3722.0,5.411808108839303,0.7674320631865345,-3.514595559056657,5.465950875968935,6.498384485566112,0.2248432599082772,0.3774624717249087,0.8742886305208901,5.411808108839303,0.7674320631865345,3.514595559056657,5.416475599115205,0.8552143644914737,3.621678779924229,5.483575432602616,6.571617510932634,5.826159565496539,6.904458169054747,5.849739610587034,6.927907830282105,2481.0,5.433059244696285,0.6063981153249467,-3.7350772061821154,5.4667953529146684,6.620925401089383,0.1673522919722083,0.17329331549314,0.5967320085973853,5.433059244696285,0.6063981153249467,3.7350772061821154,5.43563503718743,0.6306640494295613,3.782426112931872,5.472098811310199,6.652113401057697,5.690127954910933,6.913920722853048,5.726398584559762,6.931410788247319,0.0114766212924175,-0.0804958901250634,0.2092908437838433,-1.2249022404476424,XIAOMI-1,C:\IEEE\RTKLIB_DATA\WHU\T12.pos,True,544446,OK,3722,2481,1241.0,33.34228909188608,USABLE,MEETS_SOLUTION_QC,MODERATE,MCD_CHI2_99.73,5.483575432602616,6.571617510932634,5.472098811310199,6.652113401057697
WHU,Test-2,T22,RESULT_PRESENT,XIAOMI-2,Smartphone,USABLE,MEETS_SOLUTION_QC,MODERATE,C:\IEEE\RTKLIB_DATA\WHU\T22.pos,543716.0,ECEF,C:\IEEE\Ground_Truth\GNSS_GT_v1_3_TRUTH_MODEL_B_LEVEL_TABLE.csv,4213624.81077623,2370585.1252879505,4146233.879268708,40.80663755059349,29.36210379980534,62.00444999989122,2023-06-05 11:03:27.001,2023-06-05 12:05:25.001,61.96666666666667,MCD_CHI2_99.73,1067.0,28.7059456550982,71.29405434490181,3717.0,3.477550260687377,2.324078459000552,-6.339251293139907,4.1826661950479895,7.594787913877069,0.0564791581526332,0.0812468195181921,0.4868216930785638,3.477550260687377,2.324078459000552,6.339251293139907,3.478008748223852,2.325497786145017,6.357911493452728,4.183836135185868,7.611013294211574,4.2631084387982,8.031873081659331,4.269070013400482,8.059147841232146,2650.0,3.4571278287919034,2.3288627319099087,-6.381512939342293,4.168373117738659,7.622272747919704,0.0429622855290904,0.057323299689343,0.4392624988513286,3.4571278287919034,2.3288627319099087,6.381512939342293,3.457394667386536,2.3295678450693367,6.396607391890425,4.168988394185554,7.63525051041818,4.179246973213561,8.036516925960761,4.186124968427606,8.063680602424379,0.014847741000314,-0.0242372162066057,0.3548834256543949,-0.3184492691011195,XIAOMI-2,C:\IEEE\RTKLIB_DATA\WHU\T22.pos,True,543716,OK,3717,2650,1067.0,28.7059456550982,USABLE,MEETS_SOLUTION_QC,MODERATE,MCD_CHI2_99.73,4.183836135185868,7.611013294211574,4.168988394185554,7.63525051041818
WHU,Test-3,C3,RESULT_PRESENT,CHC I80,Geodetic,USABLE,MEETS_SOLUTION_QC,LOW,C:\IEEE\RTKLIB_DATA\WHU\CHC3.pos,534965.0,ECEF,C:\IEEE\Ground_Truth\GNSS_GT_v1_3_TRUTH_MODEL_B_LEVEL_TABLE.csv,4213630.062844501,2370578.777845614,4146232.2686800687,40.80661795140109,29.362007720937548,62.06085000000894,2023-06-05 12:08:11.000,2023-06-05 13:09:10.000,60.98333333333333,MCD_CHI2_99.73,488.0,13.344271260596116,86.65572873940388,3657.0,-0.3237987549603506,0.0075571727262356,0.0343879015494818,0.323886931773246,0.3257073415605859,0.0061631979863109,0.0045834191412153,0.0154815444525766,0.3237987549603506,0.0077584814394544,0.0345389643392351,0.3238573888864663,0.0088381472103813,0.0377112775180172,0.3239779640384084,0.3261653900010134,0.333545462678158,0.3375312066548642,0.3352265384273742,0.3387628051183197,3169.0,-0.3244060096459823,0.0079460956449664,0.0349421007773889,0.3245033120484722,0.3263791505858873,0.0051292213846717,0.0042253490124257,0.0130879397991518,0.3244060096459823,0.0079482865420204,0.0349421007773889,0.3244465436778174,0.008999354224397,0.0373120693858808,0.3245713297272852,0.3267089509070647,0.3335979307419894,0.3376561368516516,0.3352866067484032,0.3390164003611365,-0.0005933656888768,-0.0005435609060513,-0.1831500147357109,-0.1666519265117781,CHC I80,C:\IEEE\RTKLIB_DATA\WHU\CHC3.pos,True,534965,OK,3657,3169,488.0,13.344271260596116,USABLE,MEETS_SOLUTION_QC,LOW,MCD_CHI2_99.73,0.3239779640384084,0.3261653900010134,0.3245713297272852,0.3267089509070647
WHU,Test-3,OEM3,RESULT_PRESENT,TRIMBLE OEM MB2,OEM,FAILED,INSUFFICIENT_CLEAN_EPOCHS,NOT_APPLICABLE,C:\IEEE\RTKLIB_DATA\WHU\OEM3.pos,1481.0,ECEF,C:\IEEE\Ground_Truth\GNSS_GT_v1_3_TRUTH_MODEL_B_LEVEL_TABLE.csv,4213629.251200865,2370579.026757872,4146232.778311836,40.806624869547086,29.36201500816637,61.95084999874234,2023-06-05 12:08:50.000,2023-06-05 12:08:52.000,0.0333333333333333,NONE_SMALL_SAMPLE,0.0,0.0,100.0,3.0,46.01390655808808,7.760010273008569,-42.53991710931256,46.66366205275428,63.143819205373084,1.6465259042043283,1.1407482610623836,1.6422769867193698,46.01390655808808,7.760010273008569,42.53991710931256,46.03354170354416,7.815708359916996,42.56104553228521,46.69231477383849,63.17922804008032,48.25090173739443,63.39427775650392,48.37992929698338,63.41569369777435,3.0,46.01390655808808,7.760010273008569,-42.53991710931256,46.66366205275428,63.143819205373084,1.6465259042043283,1.1407482610623836,1.6422769867193698,46.01390655808808,7.760010273008569,42.53991710931256,46.03354170354416,7.815708359916996,42.56104553228521,46.69231477383849,63.17922804008032,48.25090173739443,63.39427775650392,48.37992929698338,63.41569369777435,0.0,0.0,0.0,0.0,TRIMBLE OEM MB2,C:\IEEE\RTKLIB_DATA\WHU\OEM3.pos,True,1481,OK,3,3,0.0,0.0,FAILED,INSUFFICIENT_CLEAN_EPOCHS,NOT_APPLICABLE,NONE_SMALL_SAMPLE,46.69231477383849,63.17922804008032,46.69231477383849,63.17922804008032
WHU,Test-3,T13,RESULT_PRESENT,XIAOMI-1,Smartphone,USABLE,MEETS_SOLUTION_QC,MODERATE,C:\IEEE\RTKLIB_DATA\WHU\T13.pos,535394.0,ECEF,C:\IEEE\Ground_Truth\GNSS_GT_v1_3_TRUTH_MODEL_B_LEVEL_TABLE.csv,4213629.450004504,2370578.6202026657,4146232.8697262257,40.80662564609365,29.362009653819914,61.99085000064224,2023-06-05 12:08:03.223,2023-06-05 13:09:02.001,60.97963333333333,MCD_CHI2_99.73,1277.0,34.89071038251366,65.10928961748634,3660.0,1.6112949355251909,-0.1108789820958037,-2.070946667936472,1.6151054200638826,2.6262874213149074,0.413961551984398,0.0462137374829756,0.3571108835001849,1.6112949355251909,0.1108789820958037,2.070946667936472,1.6636071396095702,0.1201219158836237,2.1015026625692337,1.6679382451504277,2.682970635400445,2.366276542746167,3.5169096361657104,2.3688474131318014,3.529502022842568,2383.0,1.7998073565190376,-0.1111034136863688,-2.2627985192365445,1.803233342946168,2.893424895823617,0.3208137028586318,0.0547772032541819,0.2191246621838131,1.7998073565190376,0.1111034136863688,2.2627985192365445,1.828164315006661,0.1238678787432012,2.27337911642674,1.832355864467412,2.919893940035038,2.3669098082611857,3.5240155930615504,2.36920324770825,3.529929363734569,-0.1644176193169839,-0.2369233046345931,-9.857536380320571,-8.83063353390863,XIAOMI-1,C:\IEEE\RTKLIB_DATA\WHU\T13.pos,True,535394,OK,3660,2383,1277.0,34.89071038251366,USABLE,MEETS_SOLUTION_QC,MODERATE,MCD_CHI2_99.73,1.6679382451504277,2.682970635400445,1.832355864467412,2.919893940035038
WHU,Test-3,T23,RESULT_PRESENT,XIAOMI-2,Smartphone,USABLE,MEETS_SOLUTION_QC,HIGH,C:\IEEE\RTKLIB_DATA\WHU\T23.pos,534664.0,ECEF,C:\IEEE\Ground_Truth\GNSS_GT_v1_3_TRUTH_MODEL_B_LEVEL_TABLE.csv,4213629.844250305,2370579.1732667023,4146232.157660443,40.80661717485464,29.36201307528341,61.99084999971092,2023-06-05 12:08:29.001,2023-06-05 13:09:23.001,60.9,MCD_CHI2_99.73,1282.0,35.07523939808482,64.92476060191518,3655.0,-0.2465090124694324,0.4552069644425273,-5.811054573660967,0.517667918366239,5.834066791850406,0.0198306199057315,0.0383942605070569,0.0728192371514516,0.2465090124694324,0.4552069644425273,5.811054573660967,0.2473051538508799,0.4568228282398621,5.811510685576883,0.5194679350280188,5.834681086751578,0.5675202296739789,5.898462500712007,0.5764306156901275,5.915972182377157,2373.0,-0.2558741658333698,0.4596827628234666,-5.823262462087434,0.526098689580138,5.846979180186512,0.0075121858315161,0.0177683661482722,0.0205119283600502,0.2558741658333698,0.4596827628234666,5.823262462087434,0.2559843704127804,0.4600258951711247,5.823298572480978,0.5264521081006536,5.84704695435077,0.5506502805211264,5.882128963160071,0.552778145779382,5.897390423420654,-0.0069841730726347,-0.0123658675991915,-1.3444858867483438,-0.2119373349688282,XIAOMI-2,C:\IEEE\RTKLIB_DATA\WHU\T23.pos,True,534664,OK,3655,2373,1282.0,35.07523939808482,USABLE,MEETS_SOLUTION_QC,HIGH,MCD_CHI2_99.73,0.5194679350280188,5.834681086751578,0.5264521081006536,5.84704695435077
