Source_Block,Test,Receiver,Receiver_ID,Receiver_Class,RINEX_File,Epoch_N,Expected_Epoch_N,Duration_min,Header_Interval_s,Median_dt_s,Nominal_Interval_s,Epoch_Retention_pct,PhaseJump_Flag_N,Final_Phase_Transitions_N,PhaseJump_Rate_per1000,PhaseDiscontinuities_per_hour,Transitions_per_second_of_session,Interval_Match_1s,Header_vs_Empirical,Dataset_N,Median_dt_1s_N,Nominal_interval_1s_N,Header_interval_present_N,Header_interval_missing_N,All_empirically_1s,All_nominally_1s,Min_retention_pct,Max_retention_pct,Low_retention_dataset,Scope,Method,Statistic,Outcome,N,Spearman_rho,p_value,Spearman_rho_vs_MedianArc,Claim_ID,Evidence_Role,Metric,Predictor,Population,Adjustment,Statistical_Test,Rho,P,Q,Permutation_N,Source_CSV,Source_Row,Manuscript_Role,Lock_Status,LOTO_Rho_Min,LOTO_Rho_Max,Direction_Preserved_Count,Direction_Total
COMMENT7_SAMPLING_DETAIL,Test-1,CHC I80,C1,Geodetic,C:\IEEE\RAW_DATA\Test1\CHC1.23O,5601.0,5601.0,93.33333333333331,1.0,1.0,1.0,100.0,415.0,322115.0,1.2883597472952206,266.78571428571433,57.52053571428572,True,MATCH,,,,,,,,,,,,,,,,,,,,,,,,,,,,,,,,,,,,,
COMMENT7_SAMPLING_DETAIL,Test-1,TRIMBLE OEM MB2,OEM1,OEM,C:\IEEE\RAW_DATA\Test1\OEM1.23o,966.0,6620.0,110.31666666666666,1.0,1.0,1.0,14.59214501510574,55.0,57261.0,0.9605141370217076,29.913884272548724,8.651004683486931,True,MATCH,,,,,,,,,,,,,,,,,,,,,,,,,,,,,,,,,,,,,
COMMENT7_SAMPLING_DETAIL,Test-1,XIAOMI-1,T11,Smartphone,C:\IEEE\RAW_DATA\Test1\T11.23o,5252.0,5264.0,87.71668333333334,,1.0,1.0,99.77203647416414,76.0,320105.0,0.237422095874791,51.98554968923624,60.82176309675791,True,HEADER_MISSING_EMPIRICAL_USED,,,,,,,,,,,,,,,,,,,,,,,,,,,,,,,,,,,,,
COMMENT7_SAMPLING_DETAIL,Test-1,XIAOMI-2,T21,Smartphone,C:\IEEE\RAW_DATA\Test1\T21.23o,5271.0,5280.0,87.98335,,1.0,1.0,99.82954545454544,201.0,323031.0,0.622231302878052,137.07138907531936,61.191691382517256,True,HEADER_MISSING_EMPIRICAL_USED,,,,,,,,,,,,,,,,,,,,,,,,,,,,,,,,,,,,,
COMMENT7_SAMPLING_DETAIL,Test-2,CHC I80,C2,Geodetic,C:\IEEE\RAW_DATA\Test2\CHC2.23O,5193.0,5193.0,86.53333333333333,1.0,1.0,1.0,100.0,425.0,343364.0,1.237753521044722,294.6841294298921,66.13328197226502,True,MATCH,,,,,,,,,,,,,,,,,,,,,,,,,,,,,,,,,,,,,
COMMENT7_SAMPLING_DETAIL,Test-2,TRIMBLE OEM MB2,OEM2,OEM,C:\IEEE\RAW_DATA\Test2\OEM2.23o,3566.0,3566.0,59.41666666666666,1.0,1.0,1.0,100.0,30.0,210819.0,0.1423021644159207,30.294530154277705,59.13576437587658,True,MATCH,,,,,,,,,,,,,,,,,,,,,,,,,,,,,,,,,,,,,
COMMENT7_SAMPLING_DETAIL,Test-2,XIAOMI-1,T12,Smartphone,C:\IEEE\RAW_DATA\Test2\T12.23o,3723.0,3723.0,62.03333333333333,,1.0,1.0,100.0,43.0,253794.0,0.1694287493006138,41.5905427189683,68.18753358409457,True,HEADER_MISSING_EMPIRICAL_USED,,,,,,,,,,,,,,,,,,,,,,,,,,,,,,,,,,,,,
COMMENT7_SAMPLING_DETAIL,Test-2,XIAOMI-2,T22,Smartphone,C:\IEEE\RAW_DATA\Test2\T22.23o,3710.0,3719.0,61.96666666666667,,1.0,1.0,99.75799946222102,62.0,251517.0,0.2465042124389206,60.0322754168908,67.64846691769769,True,HEADER_MISSING_EMPIRICAL_USED,,,,,,,,,,,,,,,,,,,,,,,,,,,,,,,,,,,,,
COMMENT7_SAMPLING_DETAIL,Test-3,CHC I80,C3,Geodetic,C:\IEEE\RAW_DATA\Test3\CHC3.23O,3660.0,3660.0,60.98333333333333,1.0,1.0,1.0,100.0,164.0,242025.0,0.6776159487656234,161.35556162886036,66.14512161792841,True,MATCH,,,,,,,,,,,,,,,,,,,,,,,,,,,,,,,,,,,,,
COMMENT7_SAMPLING_DETAIL,Test-3,TRIMBLE OEM MB2,OEM3,OEM,C:\IEEE\RAW_DATA\Test3\OEM3.23o,3186.0,3186.0,53.083333333333336,1.0,1.0,1.0,100.0,103.0,198791.0,0.5181321085964656,116.42072213500784,62.41475667189953,True,MATCH,,,,,,,,,,,,,,,,,,,,,,,,,,,,,,,,,,,,,
COMMENT7_SAMPLING_DETAIL,Test-3,XIAOMI-1,T13,Smartphone,C:\IEEE\RAW_DATA\Test3\T13.23o,3654.0,3660.0,60.987966666666665,,1.0,1.0,99.8360655737705,221.0,227345.0,0.9720908751017177,217.41993912460327,62.12837614414647,True,HEADER_MISSING_EMPIRICAL_USED,,,,,,,,,,,,,,,,,,,,,,,,,,,,,,,,,,,,,
COMMENT7_SAMPLING_DETAIL,Test-3,XIAOMI-2,T23,Smartphone,C:\IEEE\RAW_DATA\Test3\T23.23o,3651.0,3655.0,60.9,,1.0,1.0,99.890560875513,87.0,223591.0,0.3891033181120886,85.71428571428572,61.19074986316365,True,HEADER_MISSING_EMPIRICAL_USED,,,,,,,,,,,,,,,,,,,,,,,,,,,,,,,,,,,,,
COMMENT7_SAMPLING_SUMMARY,,,,,,,,,,,,,,,,,,,,12.0,12.0,12.0,6.0,6.0,True,True,14.59214501510574,100.0,OEM1,,,,,,,,,,,,,,,,,,,,,,,,,,,
COMMENT8_CMC_SENSITIVITY,,,,,,,,,,,,,,,,,,,,,,,,,,,,,,ALL,CURRENT,RobustSigma_m,Median_RMSE2D_m,11.0,0.790909090909091,0.0037460829533974,,,,,,,,,,,,,,,,,,,,
COMMENT8_CMC_SENSITIVITY,,,,,,,,,,,,,,,,,,,,,,,,,,,,,,ALL,CURRENT,RobustSigma_m,Median_RMSE3D_m,11.0,0.8545454545454546,0.0008066741521648,,,,,,,,,,,,,,,,,,,,
COMMENT8_CMC_SENSITIVITY,,,,,,,,,,,,,,,,,,,,,,,,,,,,,,ALL,CURRENT,RobustSigma_m,RMSE2D_Product_Range_m,11.0,0.7272727272727273,0.011204967253592,,,,,,,,,,,,,,,,,,,,
COMMENT8_CMC_SENSITIVITY,,,,,,,,,,,,,,,,,,,,,,,,,,,,,,ALL,CURRENT,P95Abs_m,Median_RMSE2D_m,11.0,0.8454545454545455,0.0010451821458586,,,,,,,,,,,,,,,,,,,,
COMMENT8_CMC_SENSITIVITY,,,,,,,,,,,,,,,,,,,,,,,,,,,,,,ALL,CURRENT,P95Abs_m,Median_RMSE3D_m,11.0,0.8545454545454546,0.0008066741521648,,,,,,,,,,,,,,,,,,,,
COMMENT8_CMC_SENSITIVITY,,,,,,,,,,,,,,,,,,,,,,,,,,,,,,ALL,CURRENT,P95Abs_m,RMSE2D_Product_Range_m,11.0,0.7454545454545456,0.0084547288850615,,,,,,,,,,,,,,,,,,,,
COMMENT8_CMC_SENSITIVITY,,,,,,,,,,,,,,,,,,,,,,,,,,,,,,ALL,FIXED300,RobustSigma_m,Median_RMSE2D_m,11.0,0.7181818181818183,0.0127995980688584,,,,,,,,,,,,,,,,,,,,
COMMENT8_CMC_SENSITIVITY,,,,,,,,,,,,,,,,,,,,,,,,,,,,,,ALL,FIXED300,RobustSigma_m,Median_RMSE3D_m,11.0,0.7363636363636363,0.0097595359599169,,,,,,,,,,,,,,,,,,,,
COMMENT8_CMC_SENSITIVITY,,,,,,,,,,,,,,,,,,,,,,,,,,,,,,ALL,FIXED300,RobustSigma_m,RMSE2D_Product_Range_m,11.0,0.7727272727272727,0.0052994871786438,,,,,,,,,,,,,,,,,,,,
COMMENT8_CMC_SENSITIVITY,,,,,,,,,,,,,,,,,,,,,,,,,,,,,,ALL,FIXED300,P95Abs_m,Median_RMSE2D_m,11.0,0.7000000000000001,0.0164709788365144,,,,,,,,,,,,,,,,,,,,
COMMENT8_CMC_SENSITIVITY,,,,,,,,,,,,,,,,,,,,,,,,,,,,,,ALL,FIXED300,P95Abs_m,Median_RMSE3D_m,11.0,0.6636363636363638,0.0259841339187655,,,,,,,,,,,,,,,,,,,,
COMMENT8_CMC_SENSITIVITY,,,,,,,,,,,,,,,,,,,,,,,,,,,,,,ALL,FIXED300,P95Abs_m,RMSE2D_Product_Range_m,11.0,0.6727272727272727,0.0233130398331859,,,,,,,,,,,,,,,,,,,,
COMMENT8_CMC_SENSITIVITY,,,,,,,,,,,,,,,,,,,,,,,,,,,,,,ALL,LINEAR,RobustSigma_m,Median_RMSE2D_m,11.0,0.6454545454545455,0.0319627993280174,,,,,,,,,,,,,,,,,,,,
COMMENT8_CMC_SENSITIVITY,,,,,,,,,,,,,,,,,,,,,,,,,,,,,,ALL,LINEAR,RobustSigma_m,Median_RMSE3D_m,11.0,0.7090909090909092,0.0145520519537277,,,,,,,,,,,,,,,,,,,,
COMMENT8_CMC_SENSITIVITY,,,,,,,,,,,,,,,,,,,,,,,,,,,,,,ALL,LINEAR,RobustSigma_m,RMSE2D_Product_Range_m,11.0,0.6090909090909091,0.0466957093540988,,,,,,,,,,,,,,,,,,,,
COMMENT8_CMC_SENSITIVITY,,,,,,,,,,,,,,,,,,,,,,,,,,,,,,ALL,LINEAR,P95Abs_m,Median_RMSE2D_m,11.0,0.6545454545454547,0.0288645989570018,,,,,,,,,,,,,,,,,,,,
COMMENT8_CMC_SENSITIVITY,,,,,,,,,,,,,,,,,,,,,,,,,,,,,,ALL,LINEAR,P95Abs_m,Median_RMSE3D_m,11.0,0.7363636363636363,0.0097595359599169,,,,,,,,,,,,,,,,,,,,
COMMENT8_CMC_SENSITIVITY,,,,,,,,,,,,,,,,,,,,,,,,,,,,,,ALL,LINEAR,P95Abs_m,RMSE2D_Product_Range_m,11.0,0.5181818181818182,0.1024915397909638,,,,,,,,,,,,,,,,,,,,
COMMENT8_CMC_SENSITIVITY,,,,,,,,,,,,,,,,,,,,,,,,,,,,,,ALL,QUADRATIC,RobustSigma_m,Median_RMSE2D_m,11.0,0.7000000000000001,0.0164709788365144,,,,,,,,,,,,,,,,,,,,
COMMENT8_CMC_SENSITIVITY,,,,,,,,,,,,,,,,,,,,,,,,,,,,,,ALL,QUADRATIC,RobustSigma_m,Median_RMSE3D_m,11.0,0.7545454545454545,0.0072820410084291,,,,,,,,,,,,,,,,,,,,
COMMENT8_CMC_SENSITIVITY,,,,,,,,,,,,,,,,,,,,,,,,,,,,,,ALL,QUADRATIC,RobustSigma_m,RMSE2D_Product_Range_m,11.0,0.6727272727272727,0.0233130398331859,,,,,,,,,,,,,,,,,,,,
COMMENT8_CMC_SENSITIVITY,,,,,,,,,,,,,,,,,,,,,,,,,,,,,,ALL,QUADRATIC,P95Abs_m,Median_RMSE2D_m,11.0,0.5909090909090909,0.0555756042887746,,,,,,,,,,,,,,,,,,,,
COMMENT8_CMC_SENSITIVITY,,,,,,,,,,,,,,,,,,,,,,,,,,,,,,ALL,QUADRATIC,P95Abs_m,Median_RMSE3D_m,11.0,0.6272727272727273,0.0388452536203533,,,,,,,,,,,,,,,,,,,,
COMMENT8_CMC_SENSITIVITY,,,,,,,,,,,,,,,,,,,,,,,,,,,,,,ALL,QUADRATIC,P95Abs_m,RMSE2D_Product_Range_m,11.0,0.5909090909090909,0.0555756042887746,,,,,,,,,,,,,,,,,,,,
COMMENT8_CMC_SENSITIVITY,,,,,,,,,,,,,,,,,,,,,,,,,,,,,,SMARTPHONE,CURRENT,RobustSigma_m,Median_RMSE2D_m,6.0,0.4285714285714286,0.3965014577259473,,,,,,,,,,,,,,,,,,,,
COMMENT8_CMC_SENSITIVITY,,,,,,,,,,,,,,,,,,,,,,,,,,,,,,SMARTPHONE,CURRENT,RobustSigma_m,Median_RMSE3D_m,6.0,0.2571428571428572,0.6227871720116618,,,,,,,,,,,,,,,,,,,,
COMMENT8_CMC_SENSITIVITY,,,,,,,,,,,,,,,,,,,,,,,,,,,,,,SMARTPHONE,CURRENT,RobustSigma_m,RMSE2D_Product_Range_m,6.0,-0.0857142857142857,0.8717434402332361,,,,,,,,,,,,,,,,,,,,
COMMENT8_CMC_SENSITIVITY,,,,,,,,,,,,,,,,,,,,,,,,,,,,,,SMARTPHONE,CURRENT,P95Abs_m,Median_RMSE2D_m,6.0,0.4285714285714286,0.3965014577259473,,,,,,,,,,,,,,,,,,,,
COMMENT8_CMC_SENSITIVITY,,,,,,,,,,,,,,,,,,,,,,,,,,,,,,SMARTPHONE,CURRENT,P95Abs_m,Median_RMSE3D_m,6.0,0.2571428571428572,0.6227871720116618,,,,,,,,,,,,,,,,,,,,
COMMENT8_CMC_SENSITIVITY,,,,,,,,,,,,,,,,,,,,,,,,,,,,,,SMARTPHONE,CURRENT,P95Abs_m,RMSE2D_Product_Range_m,6.0,-0.0857142857142857,0.8717434402332361,,,,,,,,,,,,,,,,,,,,
COMMENT8_CMC_SENSITIVITY,,,,,,,,,,,,,,,,,,,,,,,,,,,,,,SMARTPHONE,FIXED300,RobustSigma_m,Median_RMSE2D_m,6.0,0.3142857142857143,0.5440932944606414,,,,,,,,,,,,,,,,,,,,
COMMENT8_CMC_SENSITIVITY,,,,,,,,,,,,,,,,,,,,,,,,,,,,,,SMARTPHONE,FIXED300,RobustSigma_m,Median_RMSE3D_m,6.0,0.1428571428571428,0.7871720116618075,,,,,,,,,,,,,,,,,,,,
COMMENT8_CMC_SENSITIVITY,,,,,,,,,,,,,,,,,,,,,,,,,,,,,,SMARTPHONE,FIXED300,RobustSigma_m,RMSE2D_Product_Range_m,6.0,0.1428571428571428,0.7871720116618075,,,,,,,,,,,,,,,,,,,,
COMMENT8_CMC_SENSITIVITY,,,,,,,,,,,,,,,,,,,,,,,,,,,,,,SMARTPHONE,FIXED300,P95Abs_m,Median_RMSE2D_m,6.0,-0.2,0.704,,,,,,,,,,,,,,,,,,,,
COMMENT8_CMC_SENSITIVITY,,,,,,,,,,,,,,,,,,,,,,,,,,,,,,SMARTPHONE,FIXED300,P95Abs_m,Median_RMSE3D_m,6.0,-0.3714285714285715,0.4684781341107871,,,,,,,,,,,,,,,,,,,,
COMMENT8_CMC_SENSITIVITY,,,,,,,,,,,,,,,,,,,,,,,,,,,,,,SMARTPHONE,FIXED300,P95Abs_m,RMSE2D_Product_Range_m,6.0,-0.5428571428571429,0.2657026239067055,,,,,,,,,,,,,,,,,,,,
COMMENT8_CMC_SENSITIVITY,,,,,,,,,,,,,,,,,,,,,,,,,,,,,,SMARTPHONE,LINEAR,RobustSigma_m,Median_RMSE2D_m,6.0,-0.3714285714285715,0.4684781341107871,,,,,,,,,,,,,,,,,,,,
COMMENT8_CMC_SENSITIVITY,,,,,,,,,,,,,,,,,,,,,,,,,,,,,,SMARTPHONE,LINEAR,RobustSigma_m,Median_RMSE3D_m,6.0,-0.2,0.704,,,,,,,,,,,,,,,,,,,,
COMMENT8_CMC_SENSITIVITY,,,,,,,,,,,,,,,,,,,,,,,,,,,,,,SMARTPHONE,LINEAR,RobustSigma_m,RMSE2D_Product_Range_m,6.0,-0.7142857142857143,0.1107871720116617,,,,,,,,,,,,,,,,,,,,
COMMENT8_CMC_SENSITIVITY,,,,,,,,,,,,,,,,,,,,,,,,,,,,,,SMARTPHONE,LINEAR,P95Abs_m,Median_RMSE2D_m,6.0,-0.4285714285714286,0.3965014577259473,,,,,,,,,,,,,,,,,,,,
COMMENT8_CMC_SENSITIVITY,,,,,,,,,,,,,,,,,,,,,,,,,,,,,,SMARTPHONE,LINEAR,P95Abs_m,Median_RMSE3D_m,6.0,-0.3714285714285715,0.4684781341107871,,,,,,,,,,,,,,,,,,,,
COMMENT8_CMC_SENSITIVITY,,,,,,,,,,,,,,,,,,,,,,,,,,,,,,SMARTPHONE,LINEAR,P95Abs_m,RMSE2D_Product_Range_m,6.0,-0.942857142857143,0.004804664723032,,,,,,,,,,,,,,,,,,,,
COMMENT8_CMC_SENSITIVITY,,,,,,,,,,,,,,,,,,,,,,,,,,,,,,SMARTPHONE,QUADRATIC,RobustSigma_m,Median_RMSE2D_m,6.0,0.2,0.704,,,,,,,,,,,,,,,,,,,,
COMMENT8_CMC_SENSITIVITY,,,,,,,,,,,,,,,,,,,,,,,,,,,,,,SMARTPHONE,QUADRATIC,RobustSigma_m,Median_RMSE3D_m,6.0,0.2571428571428572,0.6227871720116618,,,,,,,,,,,,,,,,,,,,
COMMENT8_CMC_SENSITIVITY,,,,,,,,,,,,,,,,,,,,,,,,,,,,,,SMARTPHONE,QUADRATIC,RobustSigma_m,RMSE2D_Product_Range_m,6.0,-0.4857142857142857,0.3287230320699709,,,,,,,,,,,,,,,,,,,,
COMMENT8_CMC_SENSITIVITY,,,,,,,,,,,,,,,,,,,,,,,,,,,,,,SMARTPHONE,QUADRATIC,P95Abs_m,Median_RMSE2D_m,6.0,-0.6,0.2079999999999998,,,,,,,,,,,,,,,,,,,,
COMMENT8_CMC_SENSITIVITY,,,,,,,,,,,,,,,,,,,,,,,,,,,,,,SMARTPHONE,QUADRATIC,P95Abs_m,Median_RMSE3D_m,6.0,-0.6571428571428573,0.1561749271137023,,,,,,,,,,,,,,,,,,,,
COMMENT8_CMC_SENSITIVITY,,,,,,,,,,,,,,,,,,,,,,,,,,,,,,SMARTPHONE,QUADRATIC,P95Abs_m,RMSE2D_Product_Range_m,6.0,-0.7714285714285715,0.0723965014577259,,,,,,,,,,,,,,,,,,,,
COMMENT8_ARC_DEPENDENCE,,,,,,,,,,,,,,,,,,,,,,,,,,,,,,ALL,CURRENT,RobustSigma_m,,12.0,,0.1121092914688919,0.4825174825174825,,,,,,,,,,,,,,,,,,,
COMMENT8_ARC_DEPENDENCE,,,,,,,,,,,,,,,,,,,,,,,,,,,,,,ALL,CURRENT,P95Abs_m,,12.0,,0.0585894753885676,0.5594405594405596,,,,,,,,,,,,,,,,,,,
COMMENT8_ARC_DEPENDENCE,,,,,,,,,,,,,,,,,,,,,,,,,,,,,,ALL,FIXED300,RobustSigma_m,,12.0,,0.3079098761806526,0.3216783216783217,,,,,,,,,,,,,,,,,,,
COMMENT8_ARC_DEPENDENCE,,,,,,,,,,,,,,,,,,,,,,,,,,,,,,ALL,FIXED300,P95Abs_m,,12.0,,0.2652387868927897,0.3496503496503497,,,,,,,,,,,,,,,,,,,
COMMENT8_ARC_DEPENDENCE,,,,,,,,,,,,,,,,,,,,,,,,,,,,,,ALL,LINEAR,RobustSigma_m,,12.0,,0.1445863013033475,0.4475524475524475,,,,,,,,,,,,,,,,,,,
COMMENT8_ARC_DEPENDENCE,,,,,,,,,,,,,,,,,,,,,,,,,,,,,,ALL,LINEAR,P95Abs_m,,12.0,,0.1908358740045003,0.4055944055944056,,,,,,,,,,,,,,,,,,,
COMMENT8_ARC_DEPENDENCE,,,,,,,,,,,,,,,,,,,,,,,,,,,,,,ALL,QUADRATIC,RobustSigma_m,,12.0,,0.2080634636953532,0.3916083916083916,,,,,,,,,,,,,,,,,,,
COMMENT8_ARC_DEPENDENCE,,,,,,,,,,,,,,,,,,,,,,,,,,,,,,ALL,QUADRATIC,P95Abs_m,,12.0,,0.378568669662303,0.2797202797202798,,,,,,,,,,,,,,,,,,,
COMMENT8_ARC_DEPENDENCE,,,,,,,,,,,,,,,,,,,,,,,,,,,,,,SMARTPHONE,CURRENT,RobustSigma_m,,6.0,,0.5440932944606414,-0.3142857142857143,,,,,,,,,,,,,,,,,,,
COMMENT8_ARC_DEPENDENCE,,,,,,,,,,,,,,,,,,,,,,,,,,,,,,SMARTPHONE,CURRENT,P95Abs_m,,6.0,,0.5440932944606414,-0.3142857142857143,,,,,,,,,,,,,,,,,,,
COMMENT8_ARC_DEPENDENCE,,,,,,,,,,,,,,,,,,,,,,,,,,,,,,SMARTPHONE,FIXED300,RobustSigma_m,,6.0,,0.3965014577259473,-0.4285714285714286,,,,,,,,,,,,,,,,,,,
COMMENT8_ARC_DEPENDENCE,,,,,,,,,,,,,,,,,,,,,,,,,,,,,,SMARTPHONE,FIXED300,P95Abs_m,,6.0,,0.5440932944606414,-0.3142857142857143,,,,,,,,,,,,,,,,,,,
COMMENT8_ARC_DEPENDENCE,,,,,,,,,,,,,,,,,,,,,,,,,,,,,,SMARTPHONE,LINEAR,RobustSigma_m,,6.0,,0.7871720116618075,-0.1428571428571428,,,,,,,,,,,,,,,,,,,
COMMENT8_ARC_DEPENDENCE,,,,,,,,,,,,,,,,,,,,,,,,,,,,,,SMARTPHONE,LINEAR,P95Abs_m,,6.0,,0.0188454810495626,-0.8857142857142858,,,,,,,,,,,,,,,,,,,
COMMENT8_ARC_DEPENDENCE,,,,,,,,,,,,,,,,,,,,,,,,,,,,,,SMARTPHONE,QUADRATIC,RobustSigma_m,,6.0,,0.8717434402332361,0.0857142857142857,,,,,,,,,,,,,,,,,,,
COMMENT8_ARC_DEPENDENCE,,,,,,,,,,,,,,,,,,,,,,,,,,,,,,SMARTPHONE,QUADRATIC,P95Abs_m,,6.0,,0.2079999999999998,-0.6,,,,,,,,,,,,,,,,,,,
COMMENT11_ROBUSTNESS_LOCK,,,,,,,,,,,,,,,,,,,,,,,,,,,,,,,,,Horizontal_RMSE_2D,11.0,,,,C12-004,ROBUSTNESS_EVIDENCE,CMC_P95,CMC_P95,Final_11_dataset_level_evidence_set,Unadjusted,Spearman + exact Test-blocked permutation,0.8454545454545455,0.0034722222222222,,3456.0,C:\IEEE\GNSS_ANALYSIS\COMMENT11_CLUSTER_DEPENDENCE_AUDIT_V1_1\COMMENT11_V1_1_BLOCKED_PERMUTATION.csv,5,Robustness only; do not substitute for primary value,LOCKED,,,,
COMMENT11_ROBUSTNESS_LOCK,,,,,,,,,,,,,,,,,,,,,,,,,,,,,,,,,Horizontal_RMSE_2D,11.0,,,,C12-005,ROBUSTNESS_EVIDENCE,CMC_ROBUST,CMC_ROBUST,Final_11_dataset_level_evidence_set,Unadjusted,Spearman + exact Test-blocked permutation,0.790909090909091,0.0049189814814814,,3456.0,C:\IEEE\GNSS_ANALYSIS\COMMENT11_CLUSTER_DEPENDENCE_AUDIT_V1_1\COMMENT11_V1_1_BLOCKED_PERMUTATION.csv,6,Robustness only; do not substitute for primary value,LOCKED,,,,
COMMENT11_ROBUSTNESS_LOCK,,,,,,,,,,,,,,,,,,,,,,,,,,,,,,,,,Horizontal_RMSE_2D,11.0,,,,C12-006,ROBUSTNESS_EVIDENCE,CN0,CN0,Final_11_dataset_level_evidence_set,Unadjusted,Spearman + exact Test-blocked permutation,-0.790856842579329,0.0049189814814814,,3456.0,C:\IEEE\GNSS_ANALYSIS\COMMENT11_CLUSTER_DEPENDENCE_AUDIT_V1_1\COMMENT11_V1_1_BLOCKED_PERMUTATION.csv,7,Robustness only; do not substitute for primary value,LOCKED,,,,
COMMENT11_ROBUSTNESS_LOCK,,,,,,,,,,,,,,,,,,,,,,,,,,,,,,,,,Horizontal_RMSE_2D,,,,,C12-007,ROBUSTNESS_EVIDENCE,CMC_P95,CMC_P95,Leave_one_Test_out,Product-adjusted,LOTO Spearman sensitivity,,,,,C:\IEEE\GNSS_ANALYSIS\COMMENT11_CLUSTER_DEPENDENCE_AUDIT_V1_1\COMMENT11_V1_1_LOTO_SENSITIVITY.csv,multiple,Robustness statement/range only,LOCKED,0.642857142857143,0.9642857142857144,3.0,3.0
COMMENT11_ROBUSTNESS_LOCK,,,,,,,,,,,,,,,,,,,,,,,,,,,,,,,,,Horizontal_RMSE_2D,,,,,C12-008,ROBUSTNESS_EVIDENCE,CMC_ROBUST,CMC_ROBUST,Leave_one_Test_out,Product-adjusted,LOTO Spearman sensitivity,,,,,C:\IEEE\GNSS_ANALYSIS\COMMENT11_CLUSTER_DEPENDENCE_AUDIT_V1_1\COMMENT11_V1_1_LOTO_SENSITIVITY.csv,multiple,Robustness statement/range only,LOCKED,0.7142857142857144,0.9285714285714288,3.0,3.0
COMMENT11_ROBUSTNESS_LOCK,,,,,,,,,,,,,,,,,,,,,,,,,,,,,,,,,Horizontal_RMSE_2D,,,,,C12-009,ROBUSTNESS_EVIDENCE,CN0,CN0,Leave_one_Test_out,Product-adjusted,LOTO Spearman sensitivity,,,,,C:\IEEE\GNSS_ANALYSIS\COMMENT11_CLUSTER_DEPENDENCE_AUDIT_V1_1\COMMENT11_V1_1_LOTO_SENSITIVITY.csv,multiple,Robustness statement/range only,LOCKED,-0.9549937104572924,-0.5585812268712466,3.0,3.0
COMMENT11_ROBUSTNESS_LOCK,,,,,,,,,,,,,,,,,,,,,,,,,,,,,,,,,Horizontal_RMSE_2D,11.0,,,,C12-010,ROBUSTNESS_EVIDENCE,CMC_P95,CMC_P95,Within_Test_residuals,Product-adjusted + Test fixed-effect residualization,Spearman correlation of within-Test residuals,0.9090909090909092,,,,C:\IEEE\GNSS_ANALYSIS\COMMENT11_CLUSTER_DEPENDENCE_AUDIT_V1_1\COMMENT11_V1_1_FIXED_TEST_EFFECT.csv,2,Robustness only,LOCKED,,,,
COMMENT11_ROBUSTNESS_LOCK,,,,,,,,,,,,,,,,,,,,,,,,,,,,,,,,,Horizontal_RMSE_2D,11.0,,,,C12-011,ROBUSTNESS_EVIDENCE,CMC_ROBUST,CMC_ROBUST,Within_Test_residuals,Product-adjusted + Test fixed-effect residualization,Spearman correlation of within-Test residuals,0.9090909090909092,,,,C:\IEEE\GNSS_ANALYSIS\COMMENT11_CLUSTER_DEPENDENCE_AUDIT_V1_1\COMMENT11_V1_1_FIXED_TEST_EFFECT.csv,3,Robustness only,LOCKED,,,,
COMMENT11_ROBUSTNESS_LOCK,,,,,,,,,,,,,,,,,,,,,,,,,,,,,,,,,Horizontal_RMSE_2D,11.0,,,,C12-012,ROBUSTNESS_EVIDENCE,CN0,CN0,Within_Test_residuals,Product-adjusted + Test fixed-effect residualization,Spearman correlation of within-Test residuals,-0.8090909090909091,,,,C:\IEEE\GNSS_ANALYSIS\COMMENT11_CLUSTER_DEPENDENCE_AUDIT_V1_1\COMMENT11_V1_1_FIXED_TEST_EFFECT.csv,4,Robustness only,LOCKED,,,,
