Test,Observation_Date,GPS_Week,GPS_DOW,DOY,Product_Center,Product_Class,Exact_Filename,Full_Path,File_Size_bytes,Filename_Date,Coverage_Start,Coverage_End,File_Exists,Used_in_Run,Run_Reference_N,Provenance_Source,Date_Match,Status,Supplement_Record_Type,Navigation source,Exact filename,Observation date,GPS week,GPS DOW
Test-1,2023-06-05,2265.0,1.0,156,CODE,SP3,COD0MGXFIN_20231560000_01D_05M_ORB.SP3,C:\IEEE\IGS_Products\Analiz Merkezlerinin Ürünleri\COD\FIN\COD0MGXFIN_20231560000_01D_05M_ORB.SP3\COD0MGXFIN_20231560000_01D_05M_ORB.SP3,2091302.0,2023-06-05 00:00:00,2023-06-05 00:00:00,2023-06-06 00:00:00,True,True,125.0,C:\IEEE\GNSS_ANALYSIS\ANTEX_FULL_FACTORIAL_V1\FULL_FACTORIAL_RUN_MANIFEST.csv | C:\IEEE\GNSS_ANALYSIS\ANTEX_FULL_FACTORIAL_V1\FULL_FACTORIAL_RUN_MANIFEST_EXECUTED.csv | C:\IEEE\GNSS_ANALYSIS\ANTEX_OEM1_FACTORIAL_RERUN_V1\OEM1_RERUN_RUN_MANIFEST.csv | C:\IEEE\GNSS_ANALYSIS\ANTEX_SENSITIVITY_V1\EXPERIMENT_RUN_MANIFEST.csv | C:\IEEE\GNSS_ANALYSIS\ANTEX_SENSITIVITY_V1\PROVENANCE_NORMALIZED_PREFILTER.csv | C:\IEEE\GNSS_ANALYSIS\PRECISE_PRODUCT_PROVENANCE_V1\PRECISE_PRODUCT_PROVENANCE_RUN_LEVEL.csv | C:\IEEE\GNSS_ANALYSIS\PRECISE_PRODUCT_PROVENANCE_V1\PRECISE_PRODUCT_PROVENANCE_TABLE.csv,PASS,PASS,PRECISE_PRODUCT,,,,,
Test-2,2023-06-05,2265.0,1.0,156,CODE,SP3,COD0MGXFIN_20231560000_01D_05M_ORB.SP3,C:\IEEE\IGS_Products\Analiz Merkezlerinin Ürünleri\COD\FIN\COD0MGXFIN_20231560000_01D_05M_ORB.SP3\COD0MGXFIN_20231560000_01D_05M_ORB.SP3,2091302.0,2023-06-05 00:00:00,2023-06-05 00:00:00,2023-06-06 00:00:00,True,True,125.0,C:\IEEE\GNSS_ANALYSIS\ANTEX_FULL_FACTORIAL_V1\FULL_FACTORIAL_RUN_MANIFEST.csv | C:\IEEE\GNSS_ANALYSIS\ANTEX_FULL_FACTORIAL_V1\FULL_FACTORIAL_RUN_MANIFEST_EXECUTED.csv | C:\IEEE\GNSS_ANALYSIS\ANTEX_OEM1_FACTORIAL_RERUN_V1\OEM1_RERUN_RUN_MANIFEST.csv | C:\IEEE\GNSS_ANALYSIS\ANTEX_SENSITIVITY_V1\EXPERIMENT_RUN_MANIFEST.csv | C:\IEEE\GNSS_ANALYSIS\ANTEX_SENSITIVITY_V1\PROVENANCE_NORMALIZED_PREFILTER.csv | C:\IEEE\GNSS_ANALYSIS\PRECISE_PRODUCT_PROVENANCE_V1\PRECISE_PRODUCT_PROVENANCE_RUN_LEVEL.csv | C:\IEEE\GNSS_ANALYSIS\PRECISE_PRODUCT_PROVENANCE_V1\PRECISE_PRODUCT_PROVENANCE_TABLE.csv,PASS,PASS,PRECISE_PRODUCT,,,,,
Test-3,2023-06-05,2265.0,1.0,156,CODE,SP3,COD0MGXFIN_20231560000_01D_05M_ORB.SP3,C:\IEEE\IGS_Products\Analiz Merkezlerinin Ürünleri\COD\FIN\COD0MGXFIN_20231560000_01D_05M_ORB.SP3\COD0MGXFIN_20231560000_01D_05M_ORB.SP3,2091302.0,2023-06-05 00:00:00,2023-06-05 00:00:00,2023-06-06 00:00:00,True,True,125.0,C:\IEEE\GNSS_ANALYSIS\ANTEX_FULL_FACTORIAL_V1\FULL_FACTORIAL_RUN_MANIFEST.csv | C:\IEEE\GNSS_ANALYSIS\ANTEX_FULL_FACTORIAL_V1\FULL_FACTORIAL_RUN_MANIFEST_EXECUTED.csv | C:\IEEE\GNSS_ANALYSIS\ANTEX_OEM1_FACTORIAL_RERUN_V1\OEM1_RERUN_RUN_MANIFEST.csv | C:\IEEE\GNSS_ANALYSIS\ANTEX_SENSITIVITY_V1\EXPERIMENT_RUN_MANIFEST.csv | C:\IEEE\GNSS_ANALYSIS\ANTEX_SENSITIVITY_V1\PROVENANCE_NORMALIZED_PREFILTER.csv | C:\IEEE\GNSS_ANALYSIS\PRECISE_PRODUCT_PROVENANCE_V1\PRECISE_PRODUCT_PROVENANCE_RUN_LEVEL.csv | C:\IEEE\GNSS_ANALYSIS\PRECISE_PRODUCT_PROVENANCE_V1\PRECISE_PRODUCT_PROVENANCE_TABLE.csv,PASS,PASS,PRECISE_PRODUCT,,,,,
Test-1,2023-06-05,2265.0,1.0,156,CODE,CLK,COD0MGXFIN_20231560000_01D_30S_CLK.CLK,C:\IEEE\IGS_Products\Analiz Merkezlerinin Ürünleri\COD\FIN\COD0MGXFIN_20231560000_01D_30S_CLK.CLK\COD0MGXFIN_20231560000_01D_30S_CLK.CLK,36169625.0,2023-06-05 00:00:00,2023-06-05 00:00:00,2023-06-05 23:59:30,True,True,125.0,C:\IEEE\GNSS_ANALYSIS\ANTEX_FULL_FACTORIAL_V1\FULL_FACTORIAL_RUN_MANIFEST.csv | C:\IEEE\GNSS_ANALYSIS\ANTEX_FULL_FACTORIAL_V1\FULL_FACTORIAL_RUN_MANIFEST_EXECUTED.csv | C:\IEEE\GNSS_ANALYSIS\ANTEX_OEM1_FACTORIAL_RERUN_V1\OEM1_RERUN_RUN_MANIFEST.csv | C:\IEEE\GNSS_ANALYSIS\ANTEX_SENSITIVITY_V1\EXPERIMENT_RUN_MANIFEST.csv | C:\IEEE\GNSS_ANALYSIS\ANTEX_SENSITIVITY_V1\PROVENANCE_NORMALIZED_PREFILTER.csv | C:\IEEE\GNSS_ANALYSIS\PRECISE_PRODUCT_PROVENANCE_V1\PRECISE_PRODUCT_PROVENANCE_RUN_LEVEL.csv | C:\IEEE\GNSS_ANALYSIS\PRECISE_PRODUCT_PROVENANCE_V1\PRECISE_PRODUCT_PROVENANCE_TABLE.csv,PASS,PASS,PRECISE_PRODUCT,,,,,
Test-2,2023-06-05,2265.0,1.0,156,CODE,CLK,COD0MGXFIN_20231560000_01D_30S_CLK.CLK,C:\IEEE\IGS_Products\Analiz Merkezlerinin Ürünleri\COD\FIN\COD0MGXFIN_20231560000_01D_30S_CLK.CLK\COD0MGXFIN_20231560000_01D_30S_CLK.CLK,36169625.0,2023-06-05 00:00:00,2023-06-05 00:00:00,2023-06-05 23:59:30,True,True,125.0,C:\IEEE\GNSS_ANALYSIS\ANTEX_FULL_FACTORIAL_V1\FULL_FACTORIAL_RUN_MANIFEST.csv | C:\IEEE\GNSS_ANALYSIS\ANTEX_FULL_FACTORIAL_V1\FULL_FACTORIAL_RUN_MANIFEST_EXECUTED.csv | C:\IEEE\GNSS_ANALYSIS\ANTEX_OEM1_FACTORIAL_RERUN_V1\OEM1_RERUN_RUN_MANIFEST.csv | C:\IEEE\GNSS_ANALYSIS\ANTEX_SENSITIVITY_V1\EXPERIMENT_RUN_MANIFEST.csv | C:\IEEE\GNSS_ANALYSIS\ANTEX_SENSITIVITY_V1\PROVENANCE_NORMALIZED_PREFILTER.csv | C:\IEEE\GNSS_ANALYSIS\PRECISE_PRODUCT_PROVENANCE_V1\PRECISE_PRODUCT_PROVENANCE_RUN_LEVEL.csv | C:\IEEE\GNSS_ANALYSIS\PRECISE_PRODUCT_PROVENANCE_V1\PRECISE_PRODUCT_PROVENANCE_TABLE.csv,PASS,PASS,PRECISE_PRODUCT,,,,,
Test-3,2023-06-05,2265.0,1.0,156,CODE,CLK,COD0MGXFIN_20231560000_01D_30S_CLK.CLK,C:\IEEE\IGS_Products\Analiz Merkezlerinin Ürünleri\COD\FIN\COD0MGXFIN_20231560000_01D_30S_CLK.CLK\COD0MGXFIN_20231560000_01D_30S_CLK.CLK,36169625.0,2023-06-05 00:00:00,2023-06-05 00:00:00,2023-06-05 23:59:30,True,True,125.0,C:\IEEE\GNSS_ANALYSIS\ANTEX_FULL_FACTORIAL_V1\FULL_FACTORIAL_RUN_MANIFEST.csv | C:\IEEE\GNSS_ANALYSIS\ANTEX_FULL_FACTORIAL_V1\FULL_FACTORIAL_RUN_MANIFEST_EXECUTED.csv | C:\IEEE\GNSS_ANALYSIS\ANTEX_OEM1_FACTORIAL_RERUN_V1\OEM1_RERUN_RUN_MANIFEST.csv | C:\IEEE\GNSS_ANALYSIS\ANTEX_SENSITIVITY_V1\EXPERIMENT_RUN_MANIFEST.csv | C:\IEEE\GNSS_ANALYSIS\ANTEX_SENSITIVITY_V1\PROVENANCE_NORMALIZED_PREFILTER.csv | C:\IEEE\GNSS_ANALYSIS\PRECISE_PRODUCT_PROVENANCE_V1\PRECISE_PRODUCT_PROVENANCE_RUN_LEVEL.csv | C:\IEEE\GNSS_ANALYSIS\PRECISE_PRODUCT_PROVENANCE_V1\PRECISE_PRODUCT_PROVENANCE_TABLE.csv,PASS,PASS,PRECISE_PRODUCT,,,,,
Test-1,2023-06-05,2265.0,1.0,156,IGS,SP3,IGS0OPSFIN_20231560000_01D_15M_ORB.SP3,C:\IEEE\IGS_Products\Analiz Merkezlerinin Ürünleri\IGS\FIN\IGS0OPSFIN_20231560000_01D_15M_ORB.SP3\IGS0OPSFIN_20231560000_01D_15M_ORB.SP3,253250.0,2023-06-05 00:00:00,2023-06-05 00:00:00,2023-06-05 23:45:00,True,True,89.0,C:\IEEE\GNSS_ANALYSIS\ANTEX_FULL_FACTORIAL_V1\FULL_FACTORIAL_RUN_MANIFEST.csv | C:\IEEE\GNSS_ANALYSIS\ANTEX_FULL_FACTORIAL_V1\FULL_FACTORIAL_RUN_MANIFEST_EXECUTED.csv | C:\IEEE\GNSS_ANALYSIS\ANTEX_OEM1_FACTORIAL_RERUN_V1\OEM1_RERUN_RUN_MANIFEST.csv | C:\IEEE\GNSS_ANALYSIS\ANTEX_SENSITIVITY_V1\PROVENANCE_NORMALIZED_PREFILTER.csv | C:\IEEE\GNSS_ANALYSIS\PRECISE_PRODUCT_PROVENANCE_V1\PRECISE_PRODUCT_PROVENANCE_RUN_LEVEL.csv | C:\IEEE\GNSS_ANALYSIS\PRECISE_PRODUCT_PROVENANCE_V1\PRECISE_PRODUCT_PROVENANCE_TABLE.csv,PASS,PASS,PRECISE_PRODUCT,,,,,
Test-2,2023-06-05,2265.0,1.0,156,IGS,SP3,IGS0OPSFIN_20231560000_01D_15M_ORB.SP3,C:\IEEE\IGS_Products\Analiz Merkezlerinin Ürünleri\IGS\FIN\IGS0OPSFIN_20231560000_01D_15M_ORB.SP3\IGS0OPSFIN_20231560000_01D_15M_ORB.SP3,253250.0,2023-06-05 00:00:00,2023-06-05 00:00:00,2023-06-05 23:45:00,True,True,89.0,C:\IEEE\GNSS_ANALYSIS\ANTEX_FULL_FACTORIAL_V1\FULL_FACTORIAL_RUN_MANIFEST.csv | C:\IEEE\GNSS_ANALYSIS\ANTEX_FULL_FACTORIAL_V1\FULL_FACTORIAL_RUN_MANIFEST_EXECUTED.csv | C:\IEEE\GNSS_ANALYSIS\ANTEX_OEM1_FACTORIAL_RERUN_V1\OEM1_RERUN_RUN_MANIFEST.csv | C:\IEEE\GNSS_ANALYSIS\ANTEX_SENSITIVITY_V1\PROVENANCE_NORMALIZED_PREFILTER.csv | C:\IEEE\GNSS_ANALYSIS\PRECISE_PRODUCT_PROVENANCE_V1\PRECISE_PRODUCT_PROVENANCE_RUN_LEVEL.csv | C:\IEEE\GNSS_ANALYSIS\PRECISE_PRODUCT_PROVENANCE_V1\PRECISE_PRODUCT_PROVENANCE_TABLE.csv,PASS,PASS,PRECISE_PRODUCT,,,,,
Test-3,2023-06-05,2265.0,1.0,156,IGS,SP3,IGS0OPSFIN_20231560000_01D_15M_ORB.SP3,C:\IEEE\IGS_Products\Analiz Merkezlerinin Ürünleri\IGS\FIN\IGS0OPSFIN_20231560000_01D_15M_ORB.SP3\IGS0OPSFIN_20231560000_01D_15M_ORB.SP3,253250.0,2023-06-05 00:00:00,2023-06-05 00:00:00,2023-06-05 23:45:00,True,True,89.0,C:\IEEE\GNSS_ANALYSIS\ANTEX_FULL_FACTORIAL_V1\FULL_FACTORIAL_RUN_MANIFEST.csv | C:\IEEE\GNSS_ANALYSIS\ANTEX_FULL_FACTORIAL_V1\FULL_FACTORIAL_RUN_MANIFEST_EXECUTED.csv | C:\IEEE\GNSS_ANALYSIS\ANTEX_OEM1_FACTORIAL_RERUN_V1\OEM1_RERUN_RUN_MANIFEST.csv | C:\IEEE\GNSS_ANALYSIS\ANTEX_SENSITIVITY_V1\PROVENANCE_NORMALIZED_PREFILTER.csv | C:\IEEE\GNSS_ANALYSIS\PRECISE_PRODUCT_PROVENANCE_V1\PRECISE_PRODUCT_PROVENANCE_RUN_LEVEL.csv | C:\IEEE\GNSS_ANALYSIS\PRECISE_PRODUCT_PROVENANCE_V1\PRECISE_PRODUCT_PROVENANCE_TABLE.csv,PASS,PASS,PRECISE_PRODUCT,,,,,
Test-1,2023-06-05,2265.0,1.0,156,IGS,CLK,IGS0OPSFIN_20231560000_01D_30S_CLK.CLK,C:\IEEE\IGS_Products\Analiz Merkezlerinin Ürünleri\IGS\FIN\IGS0OPSFIN_20231560000_01D_30S_CLK.CLK\IGS0OPSFIN_20231560000_01D_30S_CLK.CLK,10058051.0,2023-06-05 00:00:00,2023-06-05 00:00:00,2023-06-05 23:59:30,True,True,89.0,C:\IEEE\GNSS_ANALYSIS\ANTEX_FULL_FACTORIAL_V1\FULL_FACTORIAL_RUN_MANIFEST.csv | C:\IEEE\GNSS_ANALYSIS\ANTEX_FULL_FACTORIAL_V1\FULL_FACTORIAL_RUN_MANIFEST_EXECUTED.csv | C:\IEEE\GNSS_ANALYSIS\ANTEX_OEM1_FACTORIAL_RERUN_V1\OEM1_RERUN_RUN_MANIFEST.csv | C:\IEEE\GNSS_ANALYSIS\ANTEX_SENSITIVITY_V1\PROVENANCE_NORMALIZED_PREFILTER.csv | C:\IEEE\GNSS_ANALYSIS\PRECISE_PRODUCT_PROVENANCE_V1\PRECISE_PRODUCT_PROVENANCE_RUN_LEVEL.csv | C:\IEEE\GNSS_ANALYSIS\PRECISE_PRODUCT_PROVENANCE_V1\PRECISE_PRODUCT_PROVENANCE_TABLE.csv,PASS,PASS,PRECISE_PRODUCT,,,,,
Test-2,2023-06-05,2265.0,1.0,156,IGS,CLK,IGS0OPSFIN_20231560000_01D_30S_CLK.CLK,C:\IEEE\IGS_Products\Analiz Merkezlerinin Ürünleri\IGS\FIN\IGS0OPSFIN_20231560000_01D_30S_CLK.CLK\IGS0OPSFIN_20231560000_01D_30S_CLK.CLK,10058051.0,2023-06-05 00:00:00,2023-06-05 00:00:00,2023-06-05 23:59:30,True,True,89.0,C:\IEEE\GNSS_ANALYSIS\ANTEX_FULL_FACTORIAL_V1\FULL_FACTORIAL_RUN_MANIFEST.csv | C:\IEEE\GNSS_ANALYSIS\ANTEX_FULL_FACTORIAL_V1\FULL_FACTORIAL_RUN_MANIFEST_EXECUTED.csv | C:\IEEE\GNSS_ANALYSIS\ANTEX_OEM1_FACTORIAL_RERUN_V1\OEM1_RERUN_RUN_MANIFEST.csv | C:\IEEE\GNSS_ANALYSIS\ANTEX_SENSITIVITY_V1\PROVENANCE_NORMALIZED_PREFILTER.csv | C:\IEEE\GNSS_ANALYSIS\PRECISE_PRODUCT_PROVENANCE_V1\PRECISE_PRODUCT_PROVENANCE_RUN_LEVEL.csv | C:\IEEE\GNSS_ANALYSIS\PRECISE_PRODUCT_PROVENANCE_V1\PRECISE_PRODUCT_PROVENANCE_TABLE.csv,PASS,PASS,PRECISE_PRODUCT,,,,,
Test-3,2023-06-05,2265.0,1.0,156,IGS,CLK,IGS0OPSFIN_20231560000_01D_30S_CLK.CLK,C:\IEEE\IGS_Products\Analiz Merkezlerinin Ürünleri\IGS\FIN\IGS0OPSFIN_20231560000_01D_30S_CLK.CLK\IGS0OPSFIN_20231560000_01D_30S_CLK.CLK,10058051.0,2023-06-05 00:00:00,2023-06-05 00:00:00,2023-06-05 23:59:30,True,True,89.0,C:\IEEE\GNSS_ANALYSIS\ANTEX_FULL_FACTORIAL_V1\FULL_FACTORIAL_RUN_MANIFEST.csv | C:\IEEE\GNSS_ANALYSIS\ANTEX_FULL_FACTORIAL_V1\FULL_FACTORIAL_RUN_MANIFEST_EXECUTED.csv | C:\IEEE\GNSS_ANALYSIS\ANTEX_OEM1_FACTORIAL_RERUN_V1\OEM1_RERUN_RUN_MANIFEST.csv | C:\IEEE\GNSS_ANALYSIS\ANTEX_SENSITIVITY_V1\PROVENANCE_NORMALIZED_PREFILTER.csv | C:\IEEE\GNSS_ANALYSIS\PRECISE_PRODUCT_PROVENANCE_V1\PRECISE_PRODUCT_PROVENANCE_RUN_LEVEL.csv | C:\IEEE\GNSS_ANALYSIS\PRECISE_PRODUCT_PROVENANCE_V1\PRECISE_PRODUCT_PROVENANCE_TABLE.csv,PASS,PASS,PRECISE_PRODUCT,,,,,
Test-1,2023-06-05,2265.0,1.0,156,JAX,SP3,JAX0MGXFIN_20231560000_01D_05M_ORB.SP3,C:\IEEE\IGS_Products\Analiz Merkezlerinin Ürünleri\JAX\FIN\JAX0MGXFIN_20231560000_01D_05M_ORB.SP3\JAX0MGXFIN_20231560000_01D_05M_ORB.SP3,1321498.0,2023-06-05 00:00:00,2023-06-05 00:00:00,2023-06-06 00:00:00,True,True,89.0,C:\IEEE\GNSS_ANALYSIS\ANTEX_FULL_FACTORIAL_V1\FULL_FACTORIAL_RUN_MANIFEST.csv | C:\IEEE\GNSS_ANALYSIS\ANTEX_FULL_FACTORIAL_V1\FULL_FACTORIAL_RUN_MANIFEST_EXECUTED.csv | C:\IEEE\GNSS_ANALYSIS\ANTEX_OEM1_FACTORIAL_RERUN_V1\OEM1_RERUN_RUN_MANIFEST.csv | C:\IEEE\GNSS_ANALYSIS\ANTEX_SENSITIVITY_V1\PROVENANCE_NORMALIZED_PREFILTER.csv | C:\IEEE\GNSS_ANALYSIS\PRECISE_PRODUCT_PROVENANCE_V1\PRECISE_PRODUCT_PROVENANCE_RUN_LEVEL.csv | C:\IEEE\GNSS_ANALYSIS\PRECISE_PRODUCT_PROVENANCE_V1\PRECISE_PRODUCT_PROVENANCE_TABLE.csv,PASS,PASS,PRECISE_PRODUCT,,,,,
Test-2,2023-06-05,2265.0,1.0,156,JAX,SP3,JAX0MGXFIN_20231560000_01D_05M_ORB.SP3,C:\IEEE\IGS_Products\Analiz Merkezlerinin Ürünleri\JAX\FIN\JAX0MGXFIN_20231560000_01D_05M_ORB.SP3\JAX0MGXFIN_20231560000_01D_05M_ORB.SP3,1321498.0,2023-06-05 00:00:00,2023-06-05 00:00:00,2023-06-06 00:00:00,True,True,89.0,C:\IEEE\GNSS_ANALYSIS\ANTEX_FULL_FACTORIAL_V1\FULL_FACTORIAL_RUN_MANIFEST.csv | C:\IEEE\GNSS_ANALYSIS\ANTEX_FULL_FACTORIAL_V1\FULL_FACTORIAL_RUN_MANIFEST_EXECUTED.csv | C:\IEEE\GNSS_ANALYSIS\ANTEX_OEM1_FACTORIAL_RERUN_V1\OEM1_RERUN_RUN_MANIFEST.csv | C:\IEEE\GNSS_ANALYSIS\ANTEX_SENSITIVITY_V1\PROVENANCE_NORMALIZED_PREFILTER.csv | C:\IEEE\GNSS_ANALYSIS\PRECISE_PRODUCT_PROVENANCE_V1\PRECISE_PRODUCT_PROVENANCE_RUN_LEVEL.csv | C:\IEEE\GNSS_ANALYSIS\PRECISE_PRODUCT_PROVENANCE_V1\PRECISE_PRODUCT_PROVENANCE_TABLE.csv,PASS,PASS,PRECISE_PRODUCT,,,,,
Test-3,2023-06-05,2265.0,1.0,156,JAX,SP3,JAX0MGXFIN_20231560000_01D_05M_ORB.SP3,C:\IEEE\IGS_Products\Analiz Merkezlerinin Ürünleri\JAX\FIN\JAX0MGXFIN_20231560000_01D_05M_ORB.SP3\JAX0MGXFIN_20231560000_01D_05M_ORB.SP3,1321498.0,2023-06-05 00:00:00,2023-06-05 00:00:00,2023-06-06 00:00:00,True,True,89.0,C:\IEEE\GNSS_ANALYSIS\ANTEX_FULL_FACTORIAL_V1\FULL_FACTORIAL_RUN_MANIFEST.csv | C:\IEEE\GNSS_ANALYSIS\ANTEX_FULL_FACTORIAL_V1\FULL_FACTORIAL_RUN_MANIFEST_EXECUTED.csv | C:\IEEE\GNSS_ANALYSIS\ANTEX_OEM1_FACTORIAL_RERUN_V1\OEM1_RERUN_RUN_MANIFEST.csv | C:\IEEE\GNSS_ANALYSIS\ANTEX_SENSITIVITY_V1\PROVENANCE_NORMALIZED_PREFILTER.csv | C:\IEEE\GNSS_ANALYSIS\PRECISE_PRODUCT_PROVENANCE_V1\PRECISE_PRODUCT_PROVENANCE_RUN_LEVEL.csv | C:\IEEE\GNSS_ANALYSIS\PRECISE_PRODUCT_PROVENANCE_V1\PRECISE_PRODUCT_PROVENANCE_TABLE.csv,PASS,PASS,PRECISE_PRODUCT,,,,,
Test-1,2023-06-05,2265.0,1.0,156,JAX,CLK,JAX0MGXFIN_20231560000_01D_30S_CLK.CLK,C:\IEEE\IGS_Products\Analiz Merkezlerinin Ürünleri\JAX\FIN\JAX0MGXFIN_20231560000_01D_30S_CLK.CLK\JAX0MGXFIN_20231560000_01D_30S_CLK.CLK,43065190.0,2023-06-05 00:00:00,2023-06-05 00:00:00,2023-06-05 23:59:30,True,True,89.0,C:\IEEE\GNSS_ANALYSIS\ANTEX_FULL_FACTORIAL_V1\FULL_FACTORIAL_RUN_MANIFEST.csv | C:\IEEE\GNSS_ANALYSIS\ANTEX_FULL_FACTORIAL_V1\FULL_FACTORIAL_RUN_MANIFEST_EXECUTED.csv | C:\IEEE\GNSS_ANALYSIS\ANTEX_OEM1_FACTORIAL_RERUN_V1\OEM1_RERUN_RUN_MANIFEST.csv | C:\IEEE\GNSS_ANALYSIS\ANTEX_SENSITIVITY_V1\PROVENANCE_NORMALIZED_PREFILTER.csv | C:\IEEE\GNSS_ANALYSIS\PRECISE_PRODUCT_PROVENANCE_V1\PRECISE_PRODUCT_PROVENANCE_RUN_LEVEL.csv | C:\IEEE\GNSS_ANALYSIS\PRECISE_PRODUCT_PROVENANCE_V1\PRECISE_PRODUCT_PROVENANCE_TABLE.csv,PASS,PASS,PRECISE_PRODUCT,,,,,
Test-2,2023-06-05,2265.0,1.0,156,JAX,CLK,JAX0MGXFIN_20231560000_01D_30S_CLK.CLK,C:\IEEE\IGS_Products\Analiz Merkezlerinin Ürünleri\JAX\FIN\JAX0MGXFIN_20231560000_01D_30S_CLK.CLK\JAX0MGXFIN_20231560000_01D_30S_CLK.CLK,43065190.0,2023-06-05 00:00:00,2023-06-05 00:00:00,2023-06-05 23:59:30,True,True,89.0,C:\IEEE\GNSS_ANALYSIS\ANTEX_FULL_FACTORIAL_V1\FULL_FACTORIAL_RUN_MANIFEST.csv | C:\IEEE\GNSS_ANALYSIS\ANTEX_FULL_FACTORIAL_V1\FULL_FACTORIAL_RUN_MANIFEST_EXECUTED.csv | C:\IEEE\GNSS_ANALYSIS\ANTEX_OEM1_FACTORIAL_RERUN_V1\OEM1_RERUN_RUN_MANIFEST.csv | C:\IEEE\GNSS_ANALYSIS\ANTEX_SENSITIVITY_V1\PROVENANCE_NORMALIZED_PREFILTER.csv | C:\IEEE\GNSS_ANALYSIS\PRECISE_PRODUCT_PROVENANCE_V1\PRECISE_PRODUCT_PROVENANCE_RUN_LEVEL.csv | C:\IEEE\GNSS_ANALYSIS\PRECISE_PRODUCT_PROVENANCE_V1\PRECISE_PRODUCT_PROVENANCE_TABLE.csv,PASS,PASS,PRECISE_PRODUCT,,,,,
Test-3,2023-06-05,2265.0,1.0,156,JAX,CLK,JAX0MGXFIN_20231560000_01D_30S_CLK.CLK,C:\IEEE\IGS_Products\Analiz Merkezlerinin Ürünleri\JAX\FIN\JAX0MGXFIN_20231560000_01D_30S_CLK.CLK\JAX0MGXFIN_20231560000_01D_30S_CLK.CLK,43065190.0,2023-06-05 00:00:00,2023-06-05 00:00:00,2023-06-05 23:59:30,True,True,89.0,C:\IEEE\GNSS_ANALYSIS\ANTEX_FULL_FACTORIAL_V1\FULL_FACTORIAL_RUN_MANIFEST.csv | C:\IEEE\GNSS_ANALYSIS\ANTEX_FULL_FACTORIAL_V1\FULL_FACTORIAL_RUN_MANIFEST_EXECUTED.csv | C:\IEEE\GNSS_ANALYSIS\ANTEX_OEM1_FACTORIAL_RERUN_V1\OEM1_RERUN_RUN_MANIFEST.csv | C:\IEEE\GNSS_ANALYSIS\ANTEX_SENSITIVITY_V1\PROVENANCE_NORMALIZED_PREFILTER.csv | C:\IEEE\GNSS_ANALYSIS\PRECISE_PRODUCT_PROVENANCE_V1\PRECISE_PRODUCT_PROVENANCE_RUN_LEVEL.csv | C:\IEEE\GNSS_ANALYSIS\PRECISE_PRODUCT_PROVENANCE_V1\PRECISE_PRODUCT_PROVENANCE_TABLE.csv,PASS,PASS,PRECISE_PRODUCT,,,,,
Test-1,2023-06-05,2265.0,1.0,156,CODE,BIA,COD0MGXFIN_20231560000_01D_01D_OSB.BIA,C:\IEEE\IGS_Products\code\bia\COD0MGXFIN_20231560000_01D_01D_OSB.BIA,745076.0,2023-06-05 00:00:00,,,True,True,303.0,C:\IEEE\GNSS_ANALYSIS\ANTEX_FULL_FACTORIAL_V1\FULL_FACTORIAL_RUN_MANIFEST.csv | C:\IEEE\GNSS_ANALYSIS\ANTEX_FULL_FACTORIAL_V1\FULL_FACTORIAL_RUN_MANIFEST_EXECUTED.csv | C:\IEEE\GNSS_ANALYSIS\ANTEX_OEM1_FACTORIAL_RERUN_V1\OEM1_RERUN_RUN_MANIFEST.csv | C:\IEEE\GNSS_ANALYSIS\ANTEX_SENSITIVITY_V1\EXPERIMENT_RUN_MANIFEST.csv | C:\IEEE\GNSS_ANALYSIS\ANTEX_SENSITIVITY_V1\PROVENANCE_NORMALIZED_PREFILTER.csv | C:\IEEE\GNSS_ANALYSIS\PRECISE_PRODUCT_PROVENANCE_V1\PRECISE_PRODUCT_PROVENANCE_RUN_LEVEL.csv | C:\IEEE\GNSS_ANALYSIS\PRECISE_PRODUCT_PROVENANCE_V1\PRECISE_PRODUCT_PROVENANCE_TABLE.csv,PASS,PASS,PRECISE_PRODUCT,,,,,
Test-2,2023-06-05,2265.0,1.0,156,CODE,BIA,COD0MGXFIN_20231560000_01D_01D_OSB.BIA,C:\IEEE\IGS_Products\code\bia\COD0MGXFIN_20231560000_01D_01D_OSB.BIA,745076.0,2023-06-05 00:00:00,,,True,True,303.0,C:\IEEE\GNSS_ANALYSIS\ANTEX_FULL_FACTORIAL_V1\FULL_FACTORIAL_RUN_MANIFEST.csv | C:\IEEE\GNSS_ANALYSIS\ANTEX_FULL_FACTORIAL_V1\FULL_FACTORIAL_RUN_MANIFEST_EXECUTED.csv | C:\IEEE\GNSS_ANALYSIS\ANTEX_OEM1_FACTORIAL_RERUN_V1\OEM1_RERUN_RUN_MANIFEST.csv | C:\IEEE\GNSS_ANALYSIS\ANTEX_SENSITIVITY_V1\EXPERIMENT_RUN_MANIFEST.csv | C:\IEEE\GNSS_ANALYSIS\ANTEX_SENSITIVITY_V1\PROVENANCE_NORMALIZED_PREFILTER.csv | C:\IEEE\GNSS_ANALYSIS\PRECISE_PRODUCT_PROVENANCE_V1\PRECISE_PRODUCT_PROVENANCE_RUN_LEVEL.csv | C:\IEEE\GNSS_ANALYSIS\PRECISE_PRODUCT_PROVENANCE_V1\PRECISE_PRODUCT_PROVENANCE_TABLE.csv,PASS,PASS,PRECISE_PRODUCT,,,,,
Test-3,2023-06-05,2265.0,1.0,156,CODE,BIA,COD0MGXFIN_20231560000_01D_01D_OSB.BIA,C:\IEEE\IGS_Products\code\bia\COD0MGXFIN_20231560000_01D_01D_OSB.BIA,745076.0,2023-06-05 00:00:00,,,True,True,303.0,C:\IEEE\GNSS_ANALYSIS\ANTEX_FULL_FACTORIAL_V1\FULL_FACTORIAL_RUN_MANIFEST.csv | C:\IEEE\GNSS_ANALYSIS\ANTEX_FULL_FACTORIAL_V1\FULL_FACTORIAL_RUN_MANIFEST_EXECUTED.csv | C:\IEEE\GNSS_ANALYSIS\ANTEX_OEM1_FACTORIAL_RERUN_V1\OEM1_RERUN_RUN_MANIFEST.csv | C:\IEEE\GNSS_ANALYSIS\ANTEX_SENSITIVITY_V1\EXPERIMENT_RUN_MANIFEST.csv | C:\IEEE\GNSS_ANALYSIS\ANTEX_SENSITIVITY_V1\PROVENANCE_NORMALIZED_PREFILTER.csv | C:\IEEE\GNSS_ANALYSIS\PRECISE_PRODUCT_PROVENANCE_V1\PRECISE_PRODUCT_PROVENANCE_RUN_LEVEL.csv | C:\IEEE\GNSS_ANALYSIS\PRECISE_PRODUCT_PROVENANCE_V1\PRECISE_PRODUCT_PROVENANCE_TABLE.csv,PASS,PASS,PRECISE_PRODUCT,,,,,
Test-1,2023-06-05,2265.0,1.0,156,CODE,CLK,COD0MGXFIN_20231560000_01D_30S_CLK.CLK,C:\IEEE\IGS_Products\code\clk\COD0MGXFIN_20231560000_01D_30S_CLK.CLK,36169625.0,2023-06-05 00:00:00,2023-06-05 00:00:00,2023-06-05 23:59:30,True,True,125.0,C:\IEEE\GNSS_ANALYSIS\ANTEX_FULL_FACTORIAL_V1\FULL_FACTORIAL_RUN_MANIFEST.csv | C:\IEEE\GNSS_ANALYSIS\ANTEX_FULL_FACTORIAL_V1\FULL_FACTORIAL_RUN_MANIFEST_EXECUTED.csv | C:\IEEE\GNSS_ANALYSIS\ANTEX_OEM1_FACTORIAL_RERUN_V1\OEM1_RERUN_RUN_MANIFEST.csv | C:\IEEE\GNSS_ANALYSIS\ANTEX_SENSITIVITY_V1\EXPERIMENT_RUN_MANIFEST.csv | C:\IEEE\GNSS_ANALYSIS\ANTEX_SENSITIVITY_V1\PROVENANCE_NORMALIZED_PREFILTER.csv | C:\IEEE\GNSS_ANALYSIS\PRECISE_PRODUCT_PROVENANCE_V1\PRECISE_PRODUCT_PROVENANCE_RUN_LEVEL.csv | C:\IEEE\GNSS_ANALYSIS\PRECISE_PRODUCT_PROVENANCE_V1\PRECISE_PRODUCT_PROVENANCE_TABLE.csv,PASS,PASS,PRECISE_PRODUCT,,,,,
Test-2,2023-06-05,2265.0,1.0,156,CODE,CLK,COD0MGXFIN_20231560000_01D_30S_CLK.CLK,C:\IEEE\IGS_Products\code\clk\COD0MGXFIN_20231560000_01D_30S_CLK.CLK,36169625.0,2023-06-05 00:00:00,2023-06-05 00:00:00,2023-06-05 23:59:30,True,True,125.0,C:\IEEE\GNSS_ANALYSIS\ANTEX_FULL_FACTORIAL_V1\FULL_FACTORIAL_RUN_MANIFEST.csv | C:\IEEE\GNSS_ANALYSIS\ANTEX_FULL_FACTORIAL_V1\FULL_FACTORIAL_RUN_MANIFEST_EXECUTED.csv | C:\IEEE\GNSS_ANALYSIS\ANTEX_OEM1_FACTORIAL_RERUN_V1\OEM1_RERUN_RUN_MANIFEST.csv | C:\IEEE\GNSS_ANALYSIS\ANTEX_SENSITIVITY_V1\EXPERIMENT_RUN_MANIFEST.csv | C:\IEEE\GNSS_ANALYSIS\ANTEX_SENSITIVITY_V1\PROVENANCE_NORMALIZED_PREFILTER.csv | C:\IEEE\GNSS_ANALYSIS\PRECISE_PRODUCT_PROVENANCE_V1\PRECISE_PRODUCT_PROVENANCE_RUN_LEVEL.csv | C:\IEEE\GNSS_ANALYSIS\PRECISE_PRODUCT_PROVENANCE_V1\PRECISE_PRODUCT_PROVENANCE_TABLE.csv,PASS,PASS,PRECISE_PRODUCT,,,,,
Test-3,2023-06-05,2265.0,1.0,156,CODE,CLK,COD0MGXFIN_20231560000_01D_30S_CLK.CLK,C:\IEEE\IGS_Products\code\clk\COD0MGXFIN_20231560000_01D_30S_CLK.CLK,36169625.0,2023-06-05 00:00:00,2023-06-05 00:00:00,2023-06-05 23:59:30,True,True,125.0,C:\IEEE\GNSS_ANALYSIS\ANTEX_FULL_FACTORIAL_V1\FULL_FACTORIAL_RUN_MANIFEST.csv | C:\IEEE\GNSS_ANALYSIS\ANTEX_FULL_FACTORIAL_V1\FULL_FACTORIAL_RUN_MANIFEST_EXECUTED.csv | C:\IEEE\GNSS_ANALYSIS\ANTEX_OEM1_FACTORIAL_RERUN_V1\OEM1_RERUN_RUN_MANIFEST.csv | C:\IEEE\GNSS_ANALYSIS\ANTEX_SENSITIVITY_V1\EXPERIMENT_RUN_MANIFEST.csv | C:\IEEE\GNSS_ANALYSIS\ANTEX_SENSITIVITY_V1\PROVENANCE_NORMALIZED_PREFILTER.csv | C:\IEEE\GNSS_ANALYSIS\PRECISE_PRODUCT_PROVENANCE_V1\PRECISE_PRODUCT_PROVENANCE_RUN_LEVEL.csv | C:\IEEE\GNSS_ANALYSIS\PRECISE_PRODUCT_PROVENANCE_V1\PRECISE_PRODUCT_PROVENANCE_TABLE.csv,PASS,PASS,PRECISE_PRODUCT,,,,,
Test-1,2023-06-05,2265.0,1.0,156,CODE,SP3,COD0MGXFIN_20231560000_01D_05M_ORB.SP3,C:\IEEE\IGS_Products\code\sp3\COD0MGXFIN_20231560000_01D_05M_ORB.SP3,2091302.0,2023-06-05 00:00:00,2023-06-05 00:00:00,2023-06-06 00:00:00,True,True,125.0,C:\IEEE\GNSS_ANALYSIS\ANTEX_FULL_FACTORIAL_V1\FULL_FACTORIAL_RUN_MANIFEST.csv | C:\IEEE\GNSS_ANALYSIS\ANTEX_FULL_FACTORIAL_V1\FULL_FACTORIAL_RUN_MANIFEST_EXECUTED.csv | C:\IEEE\GNSS_ANALYSIS\ANTEX_OEM1_FACTORIAL_RERUN_V1\OEM1_RERUN_RUN_MANIFEST.csv | C:\IEEE\GNSS_ANALYSIS\ANTEX_SENSITIVITY_V1\EXPERIMENT_RUN_MANIFEST.csv | C:\IEEE\GNSS_ANALYSIS\ANTEX_SENSITIVITY_V1\PROVENANCE_NORMALIZED_PREFILTER.csv | C:\IEEE\GNSS_ANALYSIS\PRECISE_PRODUCT_PROVENANCE_V1\PRECISE_PRODUCT_PROVENANCE_RUN_LEVEL.csv | C:\IEEE\GNSS_ANALYSIS\PRECISE_PRODUCT_PROVENANCE_V1\PRECISE_PRODUCT_PROVENANCE_TABLE.csv,PASS,PASS,PRECISE_PRODUCT,,,,,
Test-2,2023-06-05,2265.0,1.0,156,CODE,SP3,COD0MGXFIN_20231560000_01D_05M_ORB.SP3,C:\IEEE\IGS_Products\code\sp3\COD0MGXFIN_20231560000_01D_05M_ORB.SP3,2091302.0,2023-06-05 00:00:00,2023-06-05 00:00:00,2023-06-06 00:00:00,True,True,125.0,C:\IEEE\GNSS_ANALYSIS\ANTEX_FULL_FACTORIAL_V1\FULL_FACTORIAL_RUN_MANIFEST.csv | C:\IEEE\GNSS_ANALYSIS\ANTEX_FULL_FACTORIAL_V1\FULL_FACTORIAL_RUN_MANIFEST_EXECUTED.csv | C:\IEEE\GNSS_ANALYSIS\ANTEX_OEM1_FACTORIAL_RERUN_V1\OEM1_RERUN_RUN_MANIFEST.csv | C:\IEEE\GNSS_ANALYSIS\ANTEX_SENSITIVITY_V1\EXPERIMENT_RUN_MANIFEST.csv | C:\IEEE\GNSS_ANALYSIS\ANTEX_SENSITIVITY_V1\PROVENANCE_NORMALIZED_PREFILTER.csv | C:\IEEE\GNSS_ANALYSIS\PRECISE_PRODUCT_PROVENANCE_V1\PRECISE_PRODUCT_PROVENANCE_RUN_LEVEL.csv | C:\IEEE\GNSS_ANALYSIS\PRECISE_PRODUCT_PROVENANCE_V1\PRECISE_PRODUCT_PROVENANCE_TABLE.csv,PASS,PASS,PRECISE_PRODUCT,,,,,
Test-3,2023-06-05,2265.0,1.0,156,CODE,SP3,COD0MGXFIN_20231560000_01D_05M_ORB.SP3,C:\IEEE\IGS_Products\code\sp3\COD0MGXFIN_20231560000_01D_05M_ORB.SP3,2091302.0,2023-06-05 00:00:00,2023-06-05 00:00:00,2023-06-06 00:00:00,True,True,125.0,C:\IEEE\GNSS_ANALYSIS\ANTEX_FULL_FACTORIAL_V1\FULL_FACTORIAL_RUN_MANIFEST.csv | C:\IEEE\GNSS_ANALYSIS\ANTEX_FULL_FACTORIAL_V1\FULL_FACTORIAL_RUN_MANIFEST_EXECUTED.csv | C:\IEEE\GNSS_ANALYSIS\ANTEX_OEM1_FACTORIAL_RERUN_V1\OEM1_RERUN_RUN_MANIFEST.csv | C:\IEEE\GNSS_ANALYSIS\ANTEX_SENSITIVITY_V1\EXPERIMENT_RUN_MANIFEST.csv | C:\IEEE\GNSS_ANALYSIS\ANTEX_SENSITIVITY_V1\PROVENANCE_NORMALIZED_PREFILTER.csv | C:\IEEE\GNSS_ANALYSIS\PRECISE_PRODUCT_PROVENANCE_V1\PRECISE_PRODUCT_PROVENANCE_RUN_LEVEL.csv | C:\IEEE\GNSS_ANALYSIS\PRECISE_PRODUCT_PROVENANCE_V1\PRECISE_PRODUCT_PROVENANCE_TABLE.csv,PASS,PASS,PRECISE_PRODUCT,,,,,
Test-1,2023-06-05,2265.0,1.0,156,GFZ,BIA,GFZ0MGXRAP_20231560000_01D_01D_OSB.BIA,C:\IEEE\IGS_Products\gfz\bia\GFZ0MGXRAP_20231560000_01D_01D_OSB.BIA,42108.0,2023-06-05 00:00:00,,,True,True,89.0,C:\IEEE\GNSS_ANALYSIS\ANTEX_FULL_FACTORIAL_V1\FULL_FACTORIAL_RUN_MANIFEST.csv | C:\IEEE\GNSS_ANALYSIS\ANTEX_FULL_FACTORIAL_V1\FULL_FACTORIAL_RUN_MANIFEST_EXECUTED.csv | C:\IEEE\GNSS_ANALYSIS\ANTEX_OEM1_FACTORIAL_RERUN_V1\OEM1_RERUN_RUN_MANIFEST.csv | C:\IEEE\GNSS_ANALYSIS\ANTEX_SENSITIVITY_V1\PROVENANCE_NORMALIZED_PREFILTER.csv | C:\IEEE\GNSS_ANALYSIS\PRECISE_PRODUCT_PROVENANCE_V1\PRECISE_PRODUCT_PROVENANCE_RUN_LEVEL.csv | C:\IEEE\GNSS_ANALYSIS\PRECISE_PRODUCT_PROVENANCE_V1\PRECISE_PRODUCT_PROVENANCE_TABLE.csv,PASS,PASS,PRECISE_PRODUCT,,,,,
Test-2,2023-06-05,2265.0,1.0,156,GFZ,BIA,GFZ0MGXRAP_20231560000_01D_01D_OSB.BIA,C:\IEEE\IGS_Products\gfz\bia\GFZ0MGXRAP_20231560000_01D_01D_OSB.BIA,42108.0,2023-06-05 00:00:00,,,True,True,89.0,C:\IEEE\GNSS_ANALYSIS\ANTEX_FULL_FACTORIAL_V1\FULL_FACTORIAL_RUN_MANIFEST.csv | C:\IEEE\GNSS_ANALYSIS\ANTEX_FULL_FACTORIAL_V1\FULL_FACTORIAL_RUN_MANIFEST_EXECUTED.csv | C:\IEEE\GNSS_ANALYSIS\ANTEX_OEM1_FACTORIAL_RERUN_V1\OEM1_RERUN_RUN_MANIFEST.csv | C:\IEEE\GNSS_ANALYSIS\ANTEX_SENSITIVITY_V1\PROVENANCE_NORMALIZED_PREFILTER.csv | C:\IEEE\GNSS_ANALYSIS\PRECISE_PRODUCT_PROVENANCE_V1\PRECISE_PRODUCT_PROVENANCE_RUN_LEVEL.csv | C:\IEEE\GNSS_ANALYSIS\PRECISE_PRODUCT_PROVENANCE_V1\PRECISE_PRODUCT_PROVENANCE_TABLE.csv,PASS,PASS,PRECISE_PRODUCT,,,,,
Test-3,2023-06-05,2265.0,1.0,156,GFZ,BIA,GFZ0MGXRAP_20231560000_01D_01D_OSB.BIA,C:\IEEE\IGS_Products\gfz\bia\GFZ0MGXRAP_20231560000_01D_01D_OSB.BIA,42108.0,2023-06-05 00:00:00,,,True,True,89.0,C:\IEEE\GNSS_ANALYSIS\ANTEX_FULL_FACTORIAL_V1\FULL_FACTORIAL_RUN_MANIFEST.csv | C:\IEEE\GNSS_ANALYSIS\ANTEX_FULL_FACTORIAL_V1\FULL_FACTORIAL_RUN_MANIFEST_EXECUTED.csv | C:\IEEE\GNSS_ANALYSIS\ANTEX_OEM1_FACTORIAL_RERUN_V1\OEM1_RERUN_RUN_MANIFEST.csv | C:\IEEE\GNSS_ANALYSIS\ANTEX_SENSITIVITY_V1\PROVENANCE_NORMALIZED_PREFILTER.csv | C:\IEEE\GNSS_ANALYSIS\PRECISE_PRODUCT_PROVENANCE_V1\PRECISE_PRODUCT_PROVENANCE_RUN_LEVEL.csv | C:\IEEE\GNSS_ANALYSIS\PRECISE_PRODUCT_PROVENANCE_V1\PRECISE_PRODUCT_PROVENANCE_TABLE.csv,PASS,PASS,PRECISE_PRODUCT,,,,,
Test-1,2023-06-05,2265.0,1.0,156,GFZ,CLK,GFZ0MGXRAP_20231560000_01D_30S_CLK.CLK,C:\IEEE\IGS_Products\gfz\clk\GFZ0MGXRAP_20231560000_01D_30S_CLK.CLK,25096196.0,2023-06-05 00:00:00,2023-06-05 00:00:00,2023-06-05 23:59:30,True,True,89.0,C:\IEEE\GNSS_ANALYSIS\ANTEX_FULL_FACTORIAL_V1\FULL_FACTORIAL_RUN_MANIFEST.csv | C:\IEEE\GNSS_ANALYSIS\ANTEX_FULL_FACTORIAL_V1\FULL_FACTORIAL_RUN_MANIFEST_EXECUTED.csv | C:\IEEE\GNSS_ANALYSIS\ANTEX_OEM1_FACTORIAL_RERUN_V1\OEM1_RERUN_RUN_MANIFEST.csv | C:\IEEE\GNSS_ANALYSIS\ANTEX_SENSITIVITY_V1\PROVENANCE_NORMALIZED_PREFILTER.csv | C:\IEEE\GNSS_ANALYSIS\PRECISE_PRODUCT_PROVENANCE_V1\PRECISE_PRODUCT_PROVENANCE_RUN_LEVEL.csv | C:\IEEE\GNSS_ANALYSIS\PRECISE_PRODUCT_PROVENANCE_V1\PRECISE_PRODUCT_PROVENANCE_TABLE.csv,PASS,PASS,PRECISE_PRODUCT,,,,,
Test-2,2023-06-05,2265.0,1.0,156,GFZ,CLK,GFZ0MGXRAP_20231560000_01D_30S_CLK.CLK,C:\IEEE\IGS_Products\gfz\clk\GFZ0MGXRAP_20231560000_01D_30S_CLK.CLK,25096196.0,2023-06-05 00:00:00,2023-06-05 00:00:00,2023-06-05 23:59:30,True,True,89.0,C:\IEEE\GNSS_ANALYSIS\ANTEX_FULL_FACTORIAL_V1\FULL_FACTORIAL_RUN_MANIFEST.csv | C:\IEEE\GNSS_ANALYSIS\ANTEX_FULL_FACTORIAL_V1\FULL_FACTORIAL_RUN_MANIFEST_EXECUTED.csv | C:\IEEE\GNSS_ANALYSIS\ANTEX_OEM1_FACTORIAL_RERUN_V1\OEM1_RERUN_RUN_MANIFEST.csv | C:\IEEE\GNSS_ANALYSIS\ANTEX_SENSITIVITY_V1\PROVENANCE_NORMALIZED_PREFILTER.csv | C:\IEEE\GNSS_ANALYSIS\PRECISE_PRODUCT_PROVENANCE_V1\PRECISE_PRODUCT_PROVENANCE_RUN_LEVEL.csv | C:\IEEE\GNSS_ANALYSIS\PRECISE_PRODUCT_PROVENANCE_V1\PRECISE_PRODUCT_PROVENANCE_TABLE.csv,PASS,PASS,PRECISE_PRODUCT,,,,,
Test-3,2023-06-05,2265.0,1.0,156,GFZ,CLK,GFZ0MGXRAP_20231560000_01D_30S_CLK.CLK,C:\IEEE\IGS_Products\gfz\clk\GFZ0MGXRAP_20231560000_01D_30S_CLK.CLK,25096196.0,2023-06-05 00:00:00,2023-06-05 00:00:00,2023-06-05 23:59:30,True,True,89.0,C:\IEEE\GNSS_ANALYSIS\ANTEX_FULL_FACTORIAL_V1\FULL_FACTORIAL_RUN_MANIFEST.csv | C:\IEEE\GNSS_ANALYSIS\ANTEX_FULL_FACTORIAL_V1\FULL_FACTORIAL_RUN_MANIFEST_EXECUTED.csv | C:\IEEE\GNSS_ANALYSIS\ANTEX_OEM1_FACTORIAL_RERUN_V1\OEM1_RERUN_RUN_MANIFEST.csv | C:\IEEE\GNSS_ANALYSIS\ANTEX_SENSITIVITY_V1\PROVENANCE_NORMALIZED_PREFILTER.csv | C:\IEEE\GNSS_ANALYSIS\PRECISE_PRODUCT_PROVENANCE_V1\PRECISE_PRODUCT_PROVENANCE_RUN_LEVEL.csv | C:\IEEE\GNSS_ANALYSIS\PRECISE_PRODUCT_PROVENANCE_V1\PRECISE_PRODUCT_PROVENANCE_TABLE.csv,PASS,PASS,PRECISE_PRODUCT,,,,,
Test-1,2023-06-05,2265.0,1.0,156,GFZ,SP3,GFZ0MGXRAP_20231560000_01D_05M_ORB.SP3,C:\IEEE\IGS_Products\gfz\sp3\GFZ0MGXRAP_20231560000_01D_05M_ORB.SP3,2941637.0,2023-06-05 00:00:00,2023-06-05 00:00:00,2023-06-05 23:55:00,True,True,89.0,C:\IEEE\GNSS_ANALYSIS\ANTEX_FULL_FACTORIAL_V1\FULL_FACTORIAL_RUN_MANIFEST.csv | C:\IEEE\GNSS_ANALYSIS\ANTEX_FULL_FACTORIAL_V1\FULL_FACTORIAL_RUN_MANIFEST_EXECUTED.csv | C:\IEEE\GNSS_ANALYSIS\ANTEX_OEM1_FACTORIAL_RERUN_V1\OEM1_RERUN_RUN_MANIFEST.csv | C:\IEEE\GNSS_ANALYSIS\ANTEX_SENSITIVITY_V1\PROVENANCE_NORMALIZED_PREFILTER.csv | C:\IEEE\GNSS_ANALYSIS\PRECISE_PRODUCT_PROVENANCE_V1\PRECISE_PRODUCT_PROVENANCE_RUN_LEVEL.csv | C:\IEEE\GNSS_ANALYSIS\PRECISE_PRODUCT_PROVENANCE_V1\PRECISE_PRODUCT_PROVENANCE_TABLE.csv,PASS,PASS,PRECISE_PRODUCT,,,,,
Test-2,2023-06-05,2265.0,1.0,156,GFZ,SP3,GFZ0MGXRAP_20231560000_01D_05M_ORB.SP3,C:\IEEE\IGS_Products\gfz\sp3\GFZ0MGXRAP_20231560000_01D_05M_ORB.SP3,2941637.0,2023-06-05 00:00:00,2023-06-05 00:00:00,2023-06-05 23:55:00,True,True,89.0,C:\IEEE\GNSS_ANALYSIS\ANTEX_FULL_FACTORIAL_V1\FULL_FACTORIAL_RUN_MANIFEST.csv | C:\IEEE\GNSS_ANALYSIS\ANTEX_FULL_FACTORIAL_V1\FULL_FACTORIAL_RUN_MANIFEST_EXECUTED.csv | C:\IEEE\GNSS_ANALYSIS\ANTEX_OEM1_FACTORIAL_RERUN_V1\OEM1_RERUN_RUN_MANIFEST.csv | C:\IEEE\GNSS_ANALYSIS\ANTEX_SENSITIVITY_V1\PROVENANCE_NORMALIZED_PREFILTER.csv | C:\IEEE\GNSS_ANALYSIS\PRECISE_PRODUCT_PROVENANCE_V1\PRECISE_PRODUCT_PROVENANCE_RUN_LEVEL.csv | C:\IEEE\GNSS_ANALYSIS\PRECISE_PRODUCT_PROVENANCE_V1\PRECISE_PRODUCT_PROVENANCE_TABLE.csv,PASS,PASS,PRECISE_PRODUCT,,,,,
Test-3,2023-06-05,2265.0,1.0,156,GFZ,SP3,GFZ0MGXRAP_20231560000_01D_05M_ORB.SP3,C:\IEEE\IGS_Products\gfz\sp3\GFZ0MGXRAP_20231560000_01D_05M_ORB.SP3,2941637.0,2023-06-05 00:00:00,2023-06-05 00:00:00,2023-06-05 23:55:00,True,True,89.0,C:\IEEE\GNSS_ANALYSIS\ANTEX_FULL_FACTORIAL_V1\FULL_FACTORIAL_RUN_MANIFEST.csv | C:\IEEE\GNSS_ANALYSIS\ANTEX_FULL_FACTORIAL_V1\FULL_FACTORIAL_RUN_MANIFEST_EXECUTED.csv | C:\IEEE\GNSS_ANALYSIS\ANTEX_OEM1_FACTORIAL_RERUN_V1\OEM1_RERUN_RUN_MANIFEST.csv | C:\IEEE\GNSS_ANALYSIS\ANTEX_SENSITIVITY_V1\PROVENANCE_NORMALIZED_PREFILTER.csv | C:\IEEE\GNSS_ANALYSIS\PRECISE_PRODUCT_PROVENANCE_V1\PRECISE_PRODUCT_PROVENANCE_RUN_LEVEL.csv | C:\IEEE\GNSS_ANALYSIS\PRECISE_PRODUCT_PROVENANCE_V1\PRECISE_PRODUCT_PROVENANCE_TABLE.csv,PASS,PASS,PRECISE_PRODUCT,,,,,
Test-1,2023-06-05,2265.0,1.0,156,GRG,BIA,GRG0MGXFIN_20231560000_01D_01D_OSB.BIA,C:\IEEE\IGS_Products\grg\bia\GRG0MGXFIN_20231560000_01D_01D_OSB.BIA,47455.0,2023-06-05 00:00:00,,,True,True,125.0,C:\IEEE\GNSS_ANALYSIS\ANTEX_FULL_FACTORIAL_V1\FULL_FACTORIAL_RUN_MANIFEST.csv | C:\IEEE\GNSS_ANALYSIS\ANTEX_FULL_FACTORIAL_V1\FULL_FACTORIAL_RUN_MANIFEST_EXECUTED.csv | C:\IEEE\GNSS_ANALYSIS\ANTEX_OEM1_FACTORIAL_RERUN_V1\OEM1_RERUN_RUN_MANIFEST.csv | C:\IEEE\GNSS_ANALYSIS\ANTEX_SENSITIVITY_V1\EXPERIMENT_RUN_MANIFEST.csv | C:\IEEE\GNSS_ANALYSIS\ANTEX_SENSITIVITY_V1\PROVENANCE_NORMALIZED_PREFILTER.csv | C:\IEEE\GNSS_ANALYSIS\PRECISE_PRODUCT_PROVENANCE_V1\PRECISE_PRODUCT_PROVENANCE_RUN_LEVEL.csv | C:\IEEE\GNSS_ANALYSIS\PRECISE_PRODUCT_PROVENANCE_V1\PRECISE_PRODUCT_PROVENANCE_TABLE.csv,PASS,PASS,PRECISE_PRODUCT,,,,,
Test-2,2023-06-05,2265.0,1.0,156,GRG,BIA,GRG0MGXFIN_20231560000_01D_01D_OSB.BIA,C:\IEEE\IGS_Products\grg\bia\GRG0MGXFIN_20231560000_01D_01D_OSB.BIA,47455.0,2023-06-05 00:00:00,,,True,True,125.0,C:\IEEE\GNSS_ANALYSIS\ANTEX_FULL_FACTORIAL_V1\FULL_FACTORIAL_RUN_MANIFEST.csv | C:\IEEE\GNSS_ANALYSIS\ANTEX_FULL_FACTORIAL_V1\FULL_FACTORIAL_RUN_MANIFEST_EXECUTED.csv | C:\IEEE\GNSS_ANALYSIS\ANTEX_OEM1_FACTORIAL_RERUN_V1\OEM1_RERUN_RUN_MANIFEST.csv | C:\IEEE\GNSS_ANALYSIS\ANTEX_SENSITIVITY_V1\EXPERIMENT_RUN_MANIFEST.csv | C:\IEEE\GNSS_ANALYSIS\ANTEX_SENSITIVITY_V1\PROVENANCE_NORMALIZED_PREFILTER.csv | C:\IEEE\GNSS_ANALYSIS\PRECISE_PRODUCT_PROVENANCE_V1\PRECISE_PRODUCT_PROVENANCE_RUN_LEVEL.csv | C:\IEEE\GNSS_ANALYSIS\PRECISE_PRODUCT_PROVENANCE_V1\PRECISE_PRODUCT_PROVENANCE_TABLE.csv,PASS,PASS,PRECISE_PRODUCT,,,,,
Test-3,2023-06-05,2265.0,1.0,156,GRG,BIA,GRG0MGXFIN_20231560000_01D_01D_OSB.BIA,C:\IEEE\IGS_Products\grg\bia\GRG0MGXFIN_20231560000_01D_01D_OSB.BIA,47455.0,2023-06-05 00:00:00,,,True,True,125.0,C:\IEEE\GNSS_ANALYSIS\ANTEX_FULL_FACTORIAL_V1\FULL_FACTORIAL_RUN_MANIFEST.csv | C:\IEEE\GNSS_ANALYSIS\ANTEX_FULL_FACTORIAL_V1\FULL_FACTORIAL_RUN_MANIFEST_EXECUTED.csv | C:\IEEE\GNSS_ANALYSIS\ANTEX_OEM1_FACTORIAL_RERUN_V1\OEM1_RERUN_RUN_MANIFEST.csv | C:\IEEE\GNSS_ANALYSIS\ANTEX_SENSITIVITY_V1\EXPERIMENT_RUN_MANIFEST.csv | C:\IEEE\GNSS_ANALYSIS\ANTEX_SENSITIVITY_V1\PROVENANCE_NORMALIZED_PREFILTER.csv | C:\IEEE\GNSS_ANALYSIS\PRECISE_PRODUCT_PROVENANCE_V1\PRECISE_PRODUCT_PROVENANCE_RUN_LEVEL.csv | C:\IEEE\GNSS_ANALYSIS\PRECISE_PRODUCT_PROVENANCE_V1\PRECISE_PRODUCT_PROVENANCE_TABLE.csv,PASS,PASS,PRECISE_PRODUCT,,,,,
Test-1,2023-06-05,2265.0,1.0,156,GRG,CLK,GRG0MGXFIN_20231560000_01D_30S_CLK.CLK,C:\IEEE\IGS_Products\grg\clk\GRG0MGXFIN_20231560000_01D_30S_CLK.CLK,45886346.0,2023-06-05 00:00:00,2023-06-05 00:00:00,2023-06-05 23:59:30,True,True,125.0,C:\IEEE\GNSS_ANALYSIS\ANTEX_FULL_FACTORIAL_V1\FULL_FACTORIAL_RUN_MANIFEST.csv | C:\IEEE\GNSS_ANALYSIS\ANTEX_FULL_FACTORIAL_V1\FULL_FACTORIAL_RUN_MANIFEST_EXECUTED.csv | C:\IEEE\GNSS_ANALYSIS\ANTEX_OEM1_FACTORIAL_RERUN_V1\OEM1_RERUN_RUN_MANIFEST.csv | C:\IEEE\GNSS_ANALYSIS\ANTEX_SENSITIVITY_V1\EXPERIMENT_RUN_MANIFEST.csv | C:\IEEE\GNSS_ANALYSIS\ANTEX_SENSITIVITY_V1\PROVENANCE_NORMALIZED_PREFILTER.csv | C:\IEEE\GNSS_ANALYSIS\PRECISE_PRODUCT_PROVENANCE_V1\PRECISE_PRODUCT_PROVENANCE_RUN_LEVEL.csv | C:\IEEE\GNSS_ANALYSIS\PRECISE_PRODUCT_PROVENANCE_V1\PRECISE_PRODUCT_PROVENANCE_TABLE.csv,PASS,PASS,PRECISE_PRODUCT,,,,,
Test-2,2023-06-05,2265.0,1.0,156,GRG,CLK,GRG0MGXFIN_20231560000_01D_30S_CLK.CLK,C:\IEEE\IGS_Products\grg\clk\GRG0MGXFIN_20231560000_01D_30S_CLK.CLK,45886346.0,2023-06-05 00:00:00,2023-06-05 00:00:00,2023-06-05 23:59:30,True,True,125.0,C:\IEEE\GNSS_ANALYSIS\ANTEX_FULL_FACTORIAL_V1\FULL_FACTORIAL_RUN_MANIFEST.csv | C:\IEEE\GNSS_ANALYSIS\ANTEX_FULL_FACTORIAL_V1\FULL_FACTORIAL_RUN_MANIFEST_EXECUTED.csv | C:\IEEE\GNSS_ANALYSIS\ANTEX_OEM1_FACTORIAL_RERUN_V1\OEM1_RERUN_RUN_MANIFEST.csv | C:\IEEE\GNSS_ANALYSIS\ANTEX_SENSITIVITY_V1\EXPERIMENT_RUN_MANIFEST.csv | C:\IEEE\GNSS_ANALYSIS\ANTEX_SENSITIVITY_V1\PROVENANCE_NORMALIZED_PREFILTER.csv | C:\IEEE\GNSS_ANALYSIS\PRECISE_PRODUCT_PROVENANCE_V1\PRECISE_PRODUCT_PROVENANCE_RUN_LEVEL.csv | C:\IEEE\GNSS_ANALYSIS\PRECISE_PRODUCT_PROVENANCE_V1\PRECISE_PRODUCT_PROVENANCE_TABLE.csv,PASS,PASS,PRECISE_PRODUCT,,,,,
Test-3,2023-06-05,2265.0,1.0,156,GRG,CLK,GRG0MGXFIN_20231560000_01D_30S_CLK.CLK,C:\IEEE\IGS_Products\grg\clk\GRG0MGXFIN_20231560000_01D_30S_CLK.CLK,45886346.0,2023-06-05 00:00:00,2023-06-05 00:00:00,2023-06-05 23:59:30,True,True,125.0,C:\IEEE\GNSS_ANALYSIS\ANTEX_FULL_FACTORIAL_V1\FULL_FACTORIAL_RUN_MANIFEST.csv | C:\IEEE\GNSS_ANALYSIS\ANTEX_FULL_FACTORIAL_V1\FULL_FACTORIAL_RUN_MANIFEST_EXECUTED.csv | C:\IEEE\GNSS_ANALYSIS\ANTEX_OEM1_FACTORIAL_RERUN_V1\OEM1_RERUN_RUN_MANIFEST.csv | C:\IEEE\GNSS_ANALYSIS\ANTEX_SENSITIVITY_V1\EXPERIMENT_RUN_MANIFEST.csv | C:\IEEE\GNSS_ANALYSIS\ANTEX_SENSITIVITY_V1\PROVENANCE_NORMALIZED_PREFILTER.csv | C:\IEEE\GNSS_ANALYSIS\PRECISE_PRODUCT_PROVENANCE_V1\PRECISE_PRODUCT_PROVENANCE_RUN_LEVEL.csv | C:\IEEE\GNSS_ANALYSIS\PRECISE_PRODUCT_PROVENANCE_V1\PRECISE_PRODUCT_PROVENANCE_TABLE.csv,PASS,PASS,PRECISE_PRODUCT,,,,,
Test-1,2023-06-05,2265.0,1.0,156,GRG,SP3,GRG0MGXFIN_20231560000_01D_05M_ORB.SP3,C:\IEEE\IGS_Products\grg\sp3\GRG0MGXFIN_20231560000_01D_05M_ORB.SP3,1381232.0,2023-06-05 00:00:00,2023-06-05 00:00:00,2023-06-05 23:55:00,True,True,125.0,C:\IEEE\GNSS_ANALYSIS\ANTEX_FULL_FACTORIAL_V1\FULL_FACTORIAL_RUN_MANIFEST.csv | C:\IEEE\GNSS_ANALYSIS\ANTEX_FULL_FACTORIAL_V1\FULL_FACTORIAL_RUN_MANIFEST_EXECUTED.csv | C:\IEEE\GNSS_ANALYSIS\ANTEX_OEM1_FACTORIAL_RERUN_V1\OEM1_RERUN_RUN_MANIFEST.csv | C:\IEEE\GNSS_ANALYSIS\ANTEX_SENSITIVITY_V1\EXPERIMENT_RUN_MANIFEST.csv | C:\IEEE\GNSS_ANALYSIS\ANTEX_SENSITIVITY_V1\PROVENANCE_NORMALIZED_PREFILTER.csv | C:\IEEE\GNSS_ANALYSIS\PRECISE_PRODUCT_PROVENANCE_V1\PRECISE_PRODUCT_PROVENANCE_RUN_LEVEL.csv | C:\IEEE\GNSS_ANALYSIS\PRECISE_PRODUCT_PROVENANCE_V1\PRECISE_PRODUCT_PROVENANCE_TABLE.csv,PASS,PASS,PRECISE_PRODUCT,,,,,
Test-2,2023-06-05,2265.0,1.0,156,GRG,SP3,GRG0MGXFIN_20231560000_01D_05M_ORB.SP3,C:\IEEE\IGS_Products\grg\sp3\GRG0MGXFIN_20231560000_01D_05M_ORB.SP3,1381232.0,2023-06-05 00:00:00,2023-06-05 00:00:00,2023-06-05 23:55:00,True,True,125.0,C:\IEEE\GNSS_ANALYSIS\ANTEX_FULL_FACTORIAL_V1\FULL_FACTORIAL_RUN_MANIFEST.csv | C:\IEEE\GNSS_ANALYSIS\ANTEX_FULL_FACTORIAL_V1\FULL_FACTORIAL_RUN_MANIFEST_EXECUTED.csv | C:\IEEE\GNSS_ANALYSIS\ANTEX_OEM1_FACTORIAL_RERUN_V1\OEM1_RERUN_RUN_MANIFEST.csv | C:\IEEE\GNSS_ANALYSIS\ANTEX_SENSITIVITY_V1\EXPERIMENT_RUN_MANIFEST.csv | C:\IEEE\GNSS_ANALYSIS\ANTEX_SENSITIVITY_V1\PROVENANCE_NORMALIZED_PREFILTER.csv | C:\IEEE\GNSS_ANALYSIS\PRECISE_PRODUCT_PROVENANCE_V1\PRECISE_PRODUCT_PROVENANCE_RUN_LEVEL.csv | C:\IEEE\GNSS_ANALYSIS\PRECISE_PRODUCT_PROVENANCE_V1\PRECISE_PRODUCT_PROVENANCE_TABLE.csv,PASS,PASS,PRECISE_PRODUCT,,,,,
Test-3,2023-06-05,2265.0,1.0,156,GRG,SP3,GRG0MGXFIN_20231560000_01D_05M_ORB.SP3,C:\IEEE\IGS_Products\grg\sp3\GRG0MGXFIN_20231560000_01D_05M_ORB.SP3,1381232.0,2023-06-05 00:00:00,2023-06-05 00:00:00,2023-06-05 23:55:00,True,True,125.0,C:\IEEE\GNSS_ANALYSIS\ANTEX_FULL_FACTORIAL_V1\FULL_FACTORIAL_RUN_MANIFEST.csv | C:\IEEE\GNSS_ANALYSIS\ANTEX_FULL_FACTORIAL_V1\FULL_FACTORIAL_RUN_MANIFEST_EXECUTED.csv | C:\IEEE\GNSS_ANALYSIS\ANTEX_OEM1_FACTORIAL_RERUN_V1\OEM1_RERUN_RUN_MANIFEST.csv | C:\IEEE\GNSS_ANALYSIS\ANTEX_SENSITIVITY_V1\EXPERIMENT_RUN_MANIFEST.csv | C:\IEEE\GNSS_ANALYSIS\ANTEX_SENSITIVITY_V1\PROVENANCE_NORMALIZED_PREFILTER.csv | C:\IEEE\GNSS_ANALYSIS\PRECISE_PRODUCT_PROVENANCE_V1\PRECISE_PRODUCT_PROVENANCE_RUN_LEVEL.csv | C:\IEEE\GNSS_ANALYSIS\PRECISE_PRODUCT_PROVENANCE_V1\PRECISE_PRODUCT_PROVENANCE_TABLE.csv,PASS,PASS,PRECISE_PRODUCT,,,,,
Test-1,2023-06-05,2265.0,1.0,156,IGS,ANTEX,igs08.atx,C:\IEEE\IGS_Products\igs08.atx,8725433.0,,,,True,True,12.0,C:\IEEE\GNSS_ANALYSIS\ANTEX_SENSITIVITY_V1\EXPERIMENT_RUN_MANIFEST.csv,UNRESOLVED,PASS,PRECISE_PRODUCT,,,,,
Test-2,2023-06-05,2265.0,1.0,156,IGS,ANTEX,igs08.atx,C:\IEEE\IGS_Products\igs08.atx,8725433.0,,,,True,True,12.0,C:\IEEE\GNSS_ANALYSIS\ANTEX_SENSITIVITY_V1\EXPERIMENT_RUN_MANIFEST.csv,UNRESOLVED,PASS,PRECISE_PRODUCT,,,,,
Test-3,2023-06-05,2265.0,1.0,156,IGS,ANTEX,igs08.atx,C:\IEEE\IGS_Products\igs08.atx,8725433.0,,,,True,True,12.0,C:\IEEE\GNSS_ANALYSIS\ANTEX_SENSITIVITY_V1\EXPERIMENT_RUN_MANIFEST.csv,UNRESOLVED,PASS,PRECISE_PRODUCT,,,,,
Test-1,2023-06-05,2265.0,1.0,156,IGS,ANTEX,igs20_2221.atx,C:\IEEE\IGS_Products\igs20_2221.atx,32181308.0,,,,True,True,24.0,C:\IEEE\GNSS_ANALYSIS\ANTEX_SENSITIVITY_V1\EXPERIMENT_RUN_MANIFEST.csv,UNRESOLVED,PASS,PRECISE_PRODUCT,,,,,
Test-2,2023-06-05,2265.0,1.0,156,IGS,ANTEX,igs20_2221.atx,C:\IEEE\IGS_Products\igs20_2221.atx,32181308.0,,,,True,True,24.0,C:\IEEE\GNSS_ANALYSIS\ANTEX_SENSITIVITY_V1\EXPERIMENT_RUN_MANIFEST.csv,UNRESOLVED,PASS,PRECISE_PRODUCT,,,,,
Test-3,2023-06-05,2265.0,1.0,156,IGS,ANTEX,igs20_2221.atx,C:\IEEE\IGS_Products\igs20_2221.atx,32181308.0,,,,True,True,24.0,C:\IEEE\GNSS_ANALYSIS\ANTEX_SENSITIVITY_V1\EXPERIMENT_RUN_MANIFEST.csv,UNRESOLVED,PASS,PRECISE_PRODUCT,,,,,
Test-1,2023-06-05,2265.0,1.0,156,IGS,ANTEX,igs20_2361.atx,C:\IEEE\IGS_Products\igs20_2361.atx,48646745.0,,,,True,True,60.0,C:\IEEE\GNSS_ANALYSIS\ANTEX_SENSITIVITY_V1\EXPERIMENT_RUN_MANIFEST.csv,UNRESOLVED,PASS,PRECISE_PRODUCT,,,,,
Test-2,2023-06-05,2265.0,1.0,156,IGS,ANTEX,igs20_2361.atx,C:\IEEE\IGS_Products\igs20_2361.atx,48646745.0,,,,True,True,60.0,C:\IEEE\GNSS_ANALYSIS\ANTEX_SENSITIVITY_V1\EXPERIMENT_RUN_MANIFEST.csv,UNRESOLVED,PASS,PRECISE_PRODUCT,,,,,
Test-3,2023-06-05,2265.0,1.0,156,IGS,ANTEX,igs20_2361.atx,C:\IEEE\IGS_Products\igs20_2361.atx,48646745.0,,,,True,True,60.0,C:\IEEE\GNSS_ANALYSIS\ANTEX_SENSITIVITY_V1\EXPERIMENT_RUN_MANIFEST.csv,UNRESOLVED,PASS,PRECISE_PRODUCT,,,,,
Test-1,2023-06-05,2265.0,1.0,156,CODE,BIA,COD0MGXFIN_20231560000_01D_01D_OSB.BIA,C:\IEEE\IGS_Products\igs\bia\COD0MGXFIN_20231560000_01D_01D_OSB.BIA,745076.0,2023-06-05 00:00:00,,,True,True,303.0,C:\IEEE\GNSS_ANALYSIS\ANTEX_FULL_FACTORIAL_V1\FULL_FACTORIAL_RUN_MANIFEST.csv | C:\IEEE\GNSS_ANALYSIS\ANTEX_FULL_FACTORIAL_V1\FULL_FACTORIAL_RUN_MANIFEST_EXECUTED.csv | C:\IEEE\GNSS_ANALYSIS\ANTEX_OEM1_FACTORIAL_RERUN_V1\OEM1_RERUN_RUN_MANIFEST.csv | C:\IEEE\GNSS_ANALYSIS\ANTEX_SENSITIVITY_V1\EXPERIMENT_RUN_MANIFEST.csv | C:\IEEE\GNSS_ANALYSIS\ANTEX_SENSITIVITY_V1\PROVENANCE_NORMALIZED_PREFILTER.csv | C:\IEEE\GNSS_ANALYSIS\PRECISE_PRODUCT_PROVENANCE_V1\PRECISE_PRODUCT_PROVENANCE_RUN_LEVEL.csv | C:\IEEE\GNSS_ANALYSIS\PRECISE_PRODUCT_PROVENANCE_V1\PRECISE_PRODUCT_PROVENANCE_TABLE.csv,PASS,PASS,PRECISE_PRODUCT,,,,,
Test-2,2023-06-05,2265.0,1.0,156,CODE,BIA,COD0MGXFIN_20231560000_01D_01D_OSB.BIA,C:\IEEE\IGS_Products\igs\bia\COD0MGXFIN_20231560000_01D_01D_OSB.BIA,745076.0,2023-06-05 00:00:00,,,True,True,303.0,C:\IEEE\GNSS_ANALYSIS\ANTEX_FULL_FACTORIAL_V1\FULL_FACTORIAL_RUN_MANIFEST.csv | C:\IEEE\GNSS_ANALYSIS\ANTEX_FULL_FACTORIAL_V1\FULL_FACTORIAL_RUN_MANIFEST_EXECUTED.csv | C:\IEEE\GNSS_ANALYSIS\ANTEX_OEM1_FACTORIAL_RERUN_V1\OEM1_RERUN_RUN_MANIFEST.csv | C:\IEEE\GNSS_ANALYSIS\ANTEX_SENSITIVITY_V1\EXPERIMENT_RUN_MANIFEST.csv | C:\IEEE\GNSS_ANALYSIS\ANTEX_SENSITIVITY_V1\PROVENANCE_NORMALIZED_PREFILTER.csv | C:\IEEE\GNSS_ANALYSIS\PRECISE_PRODUCT_PROVENANCE_V1\PRECISE_PRODUCT_PROVENANCE_RUN_LEVEL.csv | C:\IEEE\GNSS_ANALYSIS\PRECISE_PRODUCT_PROVENANCE_V1\PRECISE_PRODUCT_PROVENANCE_TABLE.csv,PASS,PASS,PRECISE_PRODUCT,,,,,
Test-3,2023-06-05,2265.0,1.0,156,CODE,BIA,COD0MGXFIN_20231560000_01D_01D_OSB.BIA,C:\IEEE\IGS_Products\igs\bia\COD0MGXFIN_20231560000_01D_01D_OSB.BIA,745076.0,2023-06-05 00:00:00,,,True,True,303.0,C:\IEEE\GNSS_ANALYSIS\ANTEX_FULL_FACTORIAL_V1\FULL_FACTORIAL_RUN_MANIFEST.csv | C:\IEEE\GNSS_ANALYSIS\ANTEX_FULL_FACTORIAL_V1\FULL_FACTORIAL_RUN_MANIFEST_EXECUTED.csv | C:\IEEE\GNSS_ANALYSIS\ANTEX_OEM1_FACTORIAL_RERUN_V1\OEM1_RERUN_RUN_MANIFEST.csv | C:\IEEE\GNSS_ANALYSIS\ANTEX_SENSITIVITY_V1\EXPERIMENT_RUN_MANIFEST.csv | C:\IEEE\GNSS_ANALYSIS\ANTEX_SENSITIVITY_V1\PROVENANCE_NORMALIZED_PREFILTER.csv | C:\IEEE\GNSS_ANALYSIS\PRECISE_PRODUCT_PROVENANCE_V1\PRECISE_PRODUCT_PROVENANCE_RUN_LEVEL.csv | C:\IEEE\GNSS_ANALYSIS\PRECISE_PRODUCT_PROVENANCE_V1\PRECISE_PRODUCT_PROVENANCE_TABLE.csv,PASS,PASS,PRECISE_PRODUCT,,,,,
Test-1,2023-06-05,2265.0,1.0,156,IGS,SP3,IGS0OPSFIN_20231560000_01D_15M_ORB.SP3,C:\IEEE\IGS_Products\igs\IGS0OPSFIN_20231560000_01D_15M_ORB.SP3,253250.0,2023-06-05 00:00:00,2023-06-05 00:00:00,2023-06-05 23:45:00,True,True,89.0,C:\IEEE\GNSS_ANALYSIS\ANTEX_FULL_FACTORIAL_V1\FULL_FACTORIAL_RUN_MANIFEST.csv | C:\IEEE\GNSS_ANALYSIS\ANTEX_FULL_FACTORIAL_V1\FULL_FACTORIAL_RUN_MANIFEST_EXECUTED.csv | C:\IEEE\GNSS_ANALYSIS\ANTEX_OEM1_FACTORIAL_RERUN_V1\OEM1_RERUN_RUN_MANIFEST.csv | C:\IEEE\GNSS_ANALYSIS\ANTEX_SENSITIVITY_V1\PROVENANCE_NORMALIZED_PREFILTER.csv | C:\IEEE\GNSS_ANALYSIS\PRECISE_PRODUCT_PROVENANCE_V1\PRECISE_PRODUCT_PROVENANCE_RUN_LEVEL.csv | C:\IEEE\GNSS_ANALYSIS\PRECISE_PRODUCT_PROVENANCE_V1\PRECISE_PRODUCT_PROVENANCE_TABLE.csv,PASS,PASS,PRECISE_PRODUCT,,,,,
Test-2,2023-06-05,2265.0,1.0,156,IGS,SP3,IGS0OPSFIN_20231560000_01D_15M_ORB.SP3,C:\IEEE\IGS_Products\igs\IGS0OPSFIN_20231560000_01D_15M_ORB.SP3,253250.0,2023-06-05 00:00:00,2023-06-05 00:00:00,2023-06-05 23:45:00,True,True,89.0,C:\IEEE\GNSS_ANALYSIS\ANTEX_FULL_FACTORIAL_V1\FULL_FACTORIAL_RUN_MANIFEST.csv | C:\IEEE\GNSS_ANALYSIS\ANTEX_FULL_FACTORIAL_V1\FULL_FACTORIAL_RUN_MANIFEST_EXECUTED.csv | C:\IEEE\GNSS_ANALYSIS\ANTEX_OEM1_FACTORIAL_RERUN_V1\OEM1_RERUN_RUN_MANIFEST.csv | C:\IEEE\GNSS_ANALYSIS\ANTEX_SENSITIVITY_V1\PROVENANCE_NORMALIZED_PREFILTER.csv | C:\IEEE\GNSS_ANALYSIS\PRECISE_PRODUCT_PROVENANCE_V1\PRECISE_PRODUCT_PROVENANCE_RUN_LEVEL.csv | C:\IEEE\GNSS_ANALYSIS\PRECISE_PRODUCT_PROVENANCE_V1\PRECISE_PRODUCT_PROVENANCE_TABLE.csv,PASS,PASS,PRECISE_PRODUCT,,,,,
Test-3,2023-06-05,2265.0,1.0,156,IGS,SP3,IGS0OPSFIN_20231560000_01D_15M_ORB.SP3,C:\IEEE\IGS_Products\igs\IGS0OPSFIN_20231560000_01D_15M_ORB.SP3,253250.0,2023-06-05 00:00:00,2023-06-05 00:00:00,2023-06-05 23:45:00,True,True,89.0,C:\IEEE\GNSS_ANALYSIS\ANTEX_FULL_FACTORIAL_V1\FULL_FACTORIAL_RUN_MANIFEST.csv | C:\IEEE\GNSS_ANALYSIS\ANTEX_FULL_FACTORIAL_V1\FULL_FACTORIAL_RUN_MANIFEST_EXECUTED.csv | C:\IEEE\GNSS_ANALYSIS\ANTEX_OEM1_FACTORIAL_RERUN_V1\OEM1_RERUN_RUN_MANIFEST.csv | C:\IEEE\GNSS_ANALYSIS\ANTEX_SENSITIVITY_V1\PROVENANCE_NORMALIZED_PREFILTER.csv | C:\IEEE\GNSS_ANALYSIS\PRECISE_PRODUCT_PROVENANCE_V1\PRECISE_PRODUCT_PROVENANCE_RUN_LEVEL.csv | C:\IEEE\GNSS_ANALYSIS\PRECISE_PRODUCT_PROVENANCE_V1\PRECISE_PRODUCT_PROVENANCE_TABLE.csv,PASS,PASS,PRECISE_PRODUCT,,,,,
Test-1,2023-06-05,2265.0,1.0,156,IGS,CLK,IGS0OPSFIN_20231560000_01D_30S_CLK.CLK,C:\IEEE\IGS_Products\igs\IGS0OPSFIN_20231560000_01D_30S_CLK.CLK,10058051.0,2023-06-05 00:00:00,2023-06-05 00:00:00,2023-06-05 23:59:30,True,True,89.0,C:\IEEE\GNSS_ANALYSIS\ANTEX_FULL_FACTORIAL_V1\FULL_FACTORIAL_RUN_MANIFEST.csv | C:\IEEE\GNSS_ANALYSIS\ANTEX_FULL_FACTORIAL_V1\FULL_FACTORIAL_RUN_MANIFEST_EXECUTED.csv | C:\IEEE\GNSS_ANALYSIS\ANTEX_OEM1_FACTORIAL_RERUN_V1\OEM1_RERUN_RUN_MANIFEST.csv | C:\IEEE\GNSS_ANALYSIS\ANTEX_SENSITIVITY_V1\PROVENANCE_NORMALIZED_PREFILTER.csv | C:\IEEE\GNSS_ANALYSIS\PRECISE_PRODUCT_PROVENANCE_V1\PRECISE_PRODUCT_PROVENANCE_RUN_LEVEL.csv | C:\IEEE\GNSS_ANALYSIS\PRECISE_PRODUCT_PROVENANCE_V1\PRECISE_PRODUCT_PROVENANCE_TABLE.csv,PASS,PASS,PRECISE_PRODUCT,,,,,
Test-2,2023-06-05,2265.0,1.0,156,IGS,CLK,IGS0OPSFIN_20231560000_01D_30S_CLK.CLK,C:\IEEE\IGS_Products\igs\IGS0OPSFIN_20231560000_01D_30S_CLK.CLK,10058051.0,2023-06-05 00:00:00,2023-06-05 00:00:00,2023-06-05 23:59:30,True,True,89.0,C:\IEEE\GNSS_ANALYSIS\ANTEX_FULL_FACTORIAL_V1\FULL_FACTORIAL_RUN_MANIFEST.csv | C:\IEEE\GNSS_ANALYSIS\ANTEX_FULL_FACTORIAL_V1\FULL_FACTORIAL_RUN_MANIFEST_EXECUTED.csv | C:\IEEE\GNSS_ANALYSIS\ANTEX_OEM1_FACTORIAL_RERUN_V1\OEM1_RERUN_RUN_MANIFEST.csv | C:\IEEE\GNSS_ANALYSIS\ANTEX_SENSITIVITY_V1\PROVENANCE_NORMALIZED_PREFILTER.csv | C:\IEEE\GNSS_ANALYSIS\PRECISE_PRODUCT_PROVENANCE_V1\PRECISE_PRODUCT_PROVENANCE_RUN_LEVEL.csv | C:\IEEE\GNSS_ANALYSIS\PRECISE_PRODUCT_PROVENANCE_V1\PRECISE_PRODUCT_PROVENANCE_TABLE.csv,PASS,PASS,PRECISE_PRODUCT,,,,,
Test-3,2023-06-05,2265.0,1.0,156,IGS,CLK,IGS0OPSFIN_20231560000_01D_30S_CLK.CLK,C:\IEEE\IGS_Products\igs\IGS0OPSFIN_20231560000_01D_30S_CLK.CLK,10058051.0,2023-06-05 00:00:00,2023-06-05 00:00:00,2023-06-05 23:59:30,True,True,89.0,C:\IEEE\GNSS_ANALYSIS\ANTEX_FULL_FACTORIAL_V1\FULL_FACTORIAL_RUN_MANIFEST.csv | C:\IEEE\GNSS_ANALYSIS\ANTEX_FULL_FACTORIAL_V1\FULL_FACTORIAL_RUN_MANIFEST_EXECUTED.csv | C:\IEEE\GNSS_ANALYSIS\ANTEX_OEM1_FACTORIAL_RERUN_V1\OEM1_RERUN_RUN_MANIFEST.csv | C:\IEEE\GNSS_ANALYSIS\ANTEX_SENSITIVITY_V1\PROVENANCE_NORMALIZED_PREFILTER.csv | C:\IEEE\GNSS_ANALYSIS\PRECISE_PRODUCT_PROVENANCE_V1\PRECISE_PRODUCT_PROVENANCE_RUN_LEVEL.csv | C:\IEEE\GNSS_ANALYSIS\PRECISE_PRODUCT_PROVENANCE_V1\PRECISE_PRODUCT_PROVENANCE_TABLE.csv,PASS,PASS,PRECISE_PRODUCT,,,,,
Test-1,2023-06-05,2265.0,1.0,156,CODE,BIA,COD0MGXFIN_20231560000_01D_01D_OSB.BIA,C:\IEEE\IGS_Products\jax\bia\COD0MGXFIN_20231560000_01D_01D_OSB.BIA,745076.0,2023-06-05 00:00:00,,,True,True,303.0,C:\IEEE\GNSS_ANALYSIS\ANTEX_FULL_FACTORIAL_V1\FULL_FACTORIAL_RUN_MANIFEST.csv | C:\IEEE\GNSS_ANALYSIS\ANTEX_FULL_FACTORIAL_V1\FULL_FACTORIAL_RUN_MANIFEST_EXECUTED.csv | C:\IEEE\GNSS_ANALYSIS\ANTEX_OEM1_FACTORIAL_RERUN_V1\OEM1_RERUN_RUN_MANIFEST.csv | C:\IEEE\GNSS_ANALYSIS\ANTEX_SENSITIVITY_V1\EXPERIMENT_RUN_MANIFEST.csv | C:\IEEE\GNSS_ANALYSIS\ANTEX_SENSITIVITY_V1\PROVENANCE_NORMALIZED_PREFILTER.csv | C:\IEEE\GNSS_ANALYSIS\PRECISE_PRODUCT_PROVENANCE_V1\PRECISE_PRODUCT_PROVENANCE_RUN_LEVEL.csv | C:\IEEE\GNSS_ANALYSIS\PRECISE_PRODUCT_PROVENANCE_V1\PRECISE_PRODUCT_PROVENANCE_TABLE.csv,PASS,PASS,PRECISE_PRODUCT,,,,,
Test-2,2023-06-05,2265.0,1.0,156,CODE,BIA,COD0MGXFIN_20231560000_01D_01D_OSB.BIA,C:\IEEE\IGS_Products\jax\bia\COD0MGXFIN_20231560000_01D_01D_OSB.BIA,745076.0,2023-06-05 00:00:00,,,True,True,303.0,C:\IEEE\GNSS_ANALYSIS\ANTEX_FULL_FACTORIAL_V1\FULL_FACTORIAL_RUN_MANIFEST.csv | C:\IEEE\GNSS_ANALYSIS\ANTEX_FULL_FACTORIAL_V1\FULL_FACTORIAL_RUN_MANIFEST_EXECUTED.csv | C:\IEEE\GNSS_ANALYSIS\ANTEX_OEM1_FACTORIAL_RERUN_V1\OEM1_RERUN_RUN_MANIFEST.csv | C:\IEEE\GNSS_ANALYSIS\ANTEX_SENSITIVITY_V1\EXPERIMENT_RUN_MANIFEST.csv | C:\IEEE\GNSS_ANALYSIS\ANTEX_SENSITIVITY_V1\PROVENANCE_NORMALIZED_PREFILTER.csv | C:\IEEE\GNSS_ANALYSIS\PRECISE_PRODUCT_PROVENANCE_V1\PRECISE_PRODUCT_PROVENANCE_RUN_LEVEL.csv | C:\IEEE\GNSS_ANALYSIS\PRECISE_PRODUCT_PROVENANCE_V1\PRECISE_PRODUCT_PROVENANCE_TABLE.csv,PASS,PASS,PRECISE_PRODUCT,,,,,
Test-3,2023-06-05,2265.0,1.0,156,CODE,BIA,COD0MGXFIN_20231560000_01D_01D_OSB.BIA,C:\IEEE\IGS_Products\jax\bia\COD0MGXFIN_20231560000_01D_01D_OSB.BIA,745076.0,2023-06-05 00:00:00,,,True,True,303.0,C:\IEEE\GNSS_ANALYSIS\ANTEX_FULL_FACTORIAL_V1\FULL_FACTORIAL_RUN_MANIFEST.csv | C:\IEEE\GNSS_ANALYSIS\ANTEX_FULL_FACTORIAL_V1\FULL_FACTORIAL_RUN_MANIFEST_EXECUTED.csv | C:\IEEE\GNSS_ANALYSIS\ANTEX_OEM1_FACTORIAL_RERUN_V1\OEM1_RERUN_RUN_MANIFEST.csv | C:\IEEE\GNSS_ANALYSIS\ANTEX_SENSITIVITY_V1\EXPERIMENT_RUN_MANIFEST.csv | C:\IEEE\GNSS_ANALYSIS\ANTEX_SENSITIVITY_V1\PROVENANCE_NORMALIZED_PREFILTER.csv | C:\IEEE\GNSS_ANALYSIS\PRECISE_PRODUCT_PROVENANCE_V1\PRECISE_PRODUCT_PROVENANCE_RUN_LEVEL.csv | C:\IEEE\GNSS_ANALYSIS\PRECISE_PRODUCT_PROVENANCE_V1\PRECISE_PRODUCT_PROVENANCE_TABLE.csv,PASS,PASS,PRECISE_PRODUCT,,,,,
Test-1,2023-06-05,2265.0,1.0,156,JAX,CLK,JAX0MGXFIN_20231560000_01D_30S_CLK.CLK,C:\IEEE\IGS_Products\jax\clk\JAX0MGXFIN_20231560000_01D_30S_CLK.CLK,43065190.0,2023-06-05 00:00:00,2023-06-05 00:00:00,2023-06-05 23:59:30,True,True,89.0,C:\IEEE\GNSS_ANALYSIS\ANTEX_FULL_FACTORIAL_V1\FULL_FACTORIAL_RUN_MANIFEST.csv | C:\IEEE\GNSS_ANALYSIS\ANTEX_FULL_FACTORIAL_V1\FULL_FACTORIAL_RUN_MANIFEST_EXECUTED.csv | C:\IEEE\GNSS_ANALYSIS\ANTEX_OEM1_FACTORIAL_RERUN_V1\OEM1_RERUN_RUN_MANIFEST.csv | C:\IEEE\GNSS_ANALYSIS\ANTEX_SENSITIVITY_V1\PROVENANCE_NORMALIZED_PREFILTER.csv | C:\IEEE\GNSS_ANALYSIS\PRECISE_PRODUCT_PROVENANCE_V1\PRECISE_PRODUCT_PROVENANCE_RUN_LEVEL.csv | C:\IEEE\GNSS_ANALYSIS\PRECISE_PRODUCT_PROVENANCE_V1\PRECISE_PRODUCT_PROVENANCE_TABLE.csv,PASS,PASS,PRECISE_PRODUCT,,,,,
Test-2,2023-06-05,2265.0,1.0,156,JAX,CLK,JAX0MGXFIN_20231560000_01D_30S_CLK.CLK,C:\IEEE\IGS_Products\jax\clk\JAX0MGXFIN_20231560000_01D_30S_CLK.CLK,43065190.0,2023-06-05 00:00:00,2023-06-05 00:00:00,2023-06-05 23:59:30,True,True,89.0,C:\IEEE\GNSS_ANALYSIS\ANTEX_FULL_FACTORIAL_V1\FULL_FACTORIAL_RUN_MANIFEST.csv | C:\IEEE\GNSS_ANALYSIS\ANTEX_FULL_FACTORIAL_V1\FULL_FACTORIAL_RUN_MANIFEST_EXECUTED.csv | C:\IEEE\GNSS_ANALYSIS\ANTEX_OEM1_FACTORIAL_RERUN_V1\OEM1_RERUN_RUN_MANIFEST.csv | C:\IEEE\GNSS_ANALYSIS\ANTEX_SENSITIVITY_V1\PROVENANCE_NORMALIZED_PREFILTER.csv | C:\IEEE\GNSS_ANALYSIS\PRECISE_PRODUCT_PROVENANCE_V1\PRECISE_PRODUCT_PROVENANCE_RUN_LEVEL.csv | C:\IEEE\GNSS_ANALYSIS\PRECISE_PRODUCT_PROVENANCE_V1\PRECISE_PRODUCT_PROVENANCE_TABLE.csv,PASS,PASS,PRECISE_PRODUCT,,,,,
Test-3,2023-06-05,2265.0,1.0,156,JAX,CLK,JAX0MGXFIN_20231560000_01D_30S_CLK.CLK,C:\IEEE\IGS_Products\jax\clk\JAX0MGXFIN_20231560000_01D_30S_CLK.CLK,43065190.0,2023-06-05 00:00:00,2023-06-05 00:00:00,2023-06-05 23:59:30,True,True,89.0,C:\IEEE\GNSS_ANALYSIS\ANTEX_FULL_FACTORIAL_V1\FULL_FACTORIAL_RUN_MANIFEST.csv | C:\IEEE\GNSS_ANALYSIS\ANTEX_FULL_FACTORIAL_V1\FULL_FACTORIAL_RUN_MANIFEST_EXECUTED.csv | C:\IEEE\GNSS_ANALYSIS\ANTEX_OEM1_FACTORIAL_RERUN_V1\OEM1_RERUN_RUN_MANIFEST.csv | C:\IEEE\GNSS_ANALYSIS\ANTEX_SENSITIVITY_V1\PROVENANCE_NORMALIZED_PREFILTER.csv | C:\IEEE\GNSS_ANALYSIS\PRECISE_PRODUCT_PROVENANCE_V1\PRECISE_PRODUCT_PROVENANCE_RUN_LEVEL.csv | C:\IEEE\GNSS_ANALYSIS\PRECISE_PRODUCT_PROVENANCE_V1\PRECISE_PRODUCT_PROVENANCE_TABLE.csv,PASS,PASS,PRECISE_PRODUCT,,,,,
Test-1,2023-06-05,2265.0,1.0,156,JAX,SP3,JAX0MGXFIN_20231560000_01D_05M_ORB.SP3,C:\IEEE\IGS_Products\jax\sp3\JAX0MGXFIN_20231560000_01D_05M_ORB.SP3,1321498.0,2023-06-05 00:00:00,2023-06-05 00:00:00,2023-06-06 00:00:00,True,True,89.0,C:\IEEE\GNSS_ANALYSIS\ANTEX_FULL_FACTORIAL_V1\FULL_FACTORIAL_RUN_MANIFEST.csv | C:\IEEE\GNSS_ANALYSIS\ANTEX_FULL_FACTORIAL_V1\FULL_FACTORIAL_RUN_MANIFEST_EXECUTED.csv | C:\IEEE\GNSS_ANALYSIS\ANTEX_OEM1_FACTORIAL_RERUN_V1\OEM1_RERUN_RUN_MANIFEST.csv | C:\IEEE\GNSS_ANALYSIS\ANTEX_SENSITIVITY_V1\PROVENANCE_NORMALIZED_PREFILTER.csv | C:\IEEE\GNSS_ANALYSIS\PRECISE_PRODUCT_PROVENANCE_V1\PRECISE_PRODUCT_PROVENANCE_RUN_LEVEL.csv | C:\IEEE\GNSS_ANALYSIS\PRECISE_PRODUCT_PROVENANCE_V1\PRECISE_PRODUCT_PROVENANCE_TABLE.csv,PASS,PASS,PRECISE_PRODUCT,,,,,
Test-2,2023-06-05,2265.0,1.0,156,JAX,SP3,JAX0MGXFIN_20231560000_01D_05M_ORB.SP3,C:\IEEE\IGS_Products\jax\sp3\JAX0MGXFIN_20231560000_01D_05M_ORB.SP3,1321498.0,2023-06-05 00:00:00,2023-06-05 00:00:00,2023-06-06 00:00:00,True,True,89.0,C:\IEEE\GNSS_ANALYSIS\ANTEX_FULL_FACTORIAL_V1\FULL_FACTORIAL_RUN_MANIFEST.csv | C:\IEEE\GNSS_ANALYSIS\ANTEX_FULL_FACTORIAL_V1\FULL_FACTORIAL_RUN_MANIFEST_EXECUTED.csv | C:\IEEE\GNSS_ANALYSIS\ANTEX_OEM1_FACTORIAL_RERUN_V1\OEM1_RERUN_RUN_MANIFEST.csv | C:\IEEE\GNSS_ANALYSIS\ANTEX_SENSITIVITY_V1\PROVENANCE_NORMALIZED_PREFILTER.csv | C:\IEEE\GNSS_ANALYSIS\PRECISE_PRODUCT_PROVENANCE_V1\PRECISE_PRODUCT_PROVENANCE_RUN_LEVEL.csv | C:\IEEE\GNSS_ANALYSIS\PRECISE_PRODUCT_PROVENANCE_V1\PRECISE_PRODUCT_PROVENANCE_TABLE.csv,PASS,PASS,PRECISE_PRODUCT,,,,,
Test-3,2023-06-05,2265.0,1.0,156,JAX,SP3,JAX0MGXFIN_20231560000_01D_05M_ORB.SP3,C:\IEEE\IGS_Products\jax\sp3\JAX0MGXFIN_20231560000_01D_05M_ORB.SP3,1321498.0,2023-06-05 00:00:00,2023-06-05 00:00:00,2023-06-06 00:00:00,True,True,89.0,C:\IEEE\GNSS_ANALYSIS\ANTEX_FULL_FACTORIAL_V1\FULL_FACTORIAL_RUN_MANIFEST.csv | C:\IEEE\GNSS_ANALYSIS\ANTEX_FULL_FACTORIAL_V1\FULL_FACTORIAL_RUN_MANIFEST_EXECUTED.csv | C:\IEEE\GNSS_ANALYSIS\ANTEX_OEM1_FACTORIAL_RERUN_V1\OEM1_RERUN_RUN_MANIFEST.csv | C:\IEEE\GNSS_ANALYSIS\ANTEX_SENSITIVITY_V1\PROVENANCE_NORMALIZED_PREFILTER.csv | C:\IEEE\GNSS_ANALYSIS\PRECISE_PRODUCT_PROVENANCE_V1\PRECISE_PRODUCT_PROVENANCE_RUN_LEVEL.csv | C:\IEEE\GNSS_ANALYSIS\PRECISE_PRODUCT_PROVENANCE_V1\PRECISE_PRODUCT_PROVENANCE_TABLE.csv,PASS,PASS,PRECISE_PRODUCT,,,,,
Test-1,2023-06-05,2265.0,1.0,156,BROADCAST,NAV,BRDM00DLR_S_20231560000_01D_MN.rnx,C:\IEEE\IGS_Products\nav\BRDM00DLR_S_20231560000_01D_MN.rnx,8453529.0,2023-06-05 00:00:00,,,True,True,606.0,C:\IEEE\GNSS_ANALYSIS\ANTEX_FULL_FACTORIAL_V1\FULL_FACTORIAL_RUN_MANIFEST.csv | C:\IEEE\GNSS_ANALYSIS\ANTEX_FULL_FACTORIAL_V1\FULL_FACTORIAL_RUN_MANIFEST_EXECUTED.csv | C:\IEEE\GNSS_ANALYSIS\ANTEX_OEM1_FACTORIAL_RERUN_V1\OEM1_RERUN_RUN_MANIFEST.csv | C:\IEEE\GNSS_ANALYSIS\ANTEX_SENSITIVITY_V1\EXPERIMENT_RUN_MANIFEST.csv | C:\IEEE\GNSS_ANALYSIS\ANTEX_SENSITIVITY_V1\PROVENANCE_NORMALIZED_PREFILTER.csv | C:\IEEE\GNSS_ANALYSIS\PRECISE_PRODUCT_PROVENANCE_V1\PRECISE_PRODUCT_PROVENANCE_RUN_LEVEL.csv | C:\IEEE\GNSS_ANALYSIS\PRECISE_PRODUCT_PROVENANCE_V1\PRECISE_PRODUCT_PROVENANCE_TABLE.csv,PASS,PASS,PRECISE_PRODUCT,,,,,
Test-2,2023-06-05,2265.0,1.0,156,BROADCAST,NAV,BRDM00DLR_S_20231560000_01D_MN.rnx,C:\IEEE\IGS_Products\nav\BRDM00DLR_S_20231560000_01D_MN.rnx,8453529.0,2023-06-05 00:00:00,,,True,True,606.0,C:\IEEE\GNSS_ANALYSIS\ANTEX_FULL_FACTORIAL_V1\FULL_FACTORIAL_RUN_MANIFEST.csv | C:\IEEE\GNSS_ANALYSIS\ANTEX_FULL_FACTORIAL_V1\FULL_FACTORIAL_RUN_MANIFEST_EXECUTED.csv | C:\IEEE\GNSS_ANALYSIS\ANTEX_OEM1_FACTORIAL_RERUN_V1\OEM1_RERUN_RUN_MANIFEST.csv | C:\IEEE\GNSS_ANALYSIS\ANTEX_SENSITIVITY_V1\EXPERIMENT_RUN_MANIFEST.csv | C:\IEEE\GNSS_ANALYSIS\ANTEX_SENSITIVITY_V1\PROVENANCE_NORMALIZED_PREFILTER.csv | C:\IEEE\GNSS_ANALYSIS\PRECISE_PRODUCT_PROVENANCE_V1\PRECISE_PRODUCT_PROVENANCE_RUN_LEVEL.csv | C:\IEEE\GNSS_ANALYSIS\PRECISE_PRODUCT_PROVENANCE_V1\PRECISE_PRODUCT_PROVENANCE_TABLE.csv,PASS,PASS,PRECISE_PRODUCT,,,,,
Test-3,2023-06-05,2265.0,1.0,156,BROADCAST,NAV,BRDM00DLR_S_20231560000_01D_MN.rnx,C:\IEEE\IGS_Products\nav\BRDM00DLR_S_20231560000_01D_MN.rnx,8453529.0,2023-06-05 00:00:00,,,True,True,606.0,C:\IEEE\GNSS_ANALYSIS\ANTEX_FULL_FACTORIAL_V1\FULL_FACTORIAL_RUN_MANIFEST.csv | C:\IEEE\GNSS_ANALYSIS\ANTEX_FULL_FACTORIAL_V1\FULL_FACTORIAL_RUN_MANIFEST_EXECUTED.csv | C:\IEEE\GNSS_ANALYSIS\ANTEX_OEM1_FACTORIAL_RERUN_V1\OEM1_RERUN_RUN_MANIFEST.csv | C:\IEEE\GNSS_ANALYSIS\ANTEX_SENSITIVITY_V1\EXPERIMENT_RUN_MANIFEST.csv | C:\IEEE\GNSS_ANALYSIS\ANTEX_SENSITIVITY_V1\PROVENANCE_NORMALIZED_PREFILTER.csv | C:\IEEE\GNSS_ANALYSIS\PRECISE_PRODUCT_PROVENANCE_V1\PRECISE_PRODUCT_PROVENANCE_RUN_LEVEL.csv | C:\IEEE\GNSS_ANALYSIS\PRECISE_PRODUCT_PROVENANCE_V1\PRECISE_PRODUCT_PROVENANCE_TABLE.csv,PASS,PASS,PRECISE_PRODUCT,,,,,
Test-1,2023-06-05,2265.0,1.0,156,WHU,BIA,WUM0MGXRAP_20231560000_01D_01D_OSB.BIA,C:\IEEE\IGS_Products\whu\bia\WUM0MGXRAP_20231560000_01D_01D_OSB.BIA,600143.0,2023-06-05 00:00:00,,,True,True,89.0,C:\IEEE\GNSS_ANALYSIS\ANTEX_FULL_FACTORIAL_V1\FULL_FACTORIAL_RUN_MANIFEST.csv | C:\IEEE\GNSS_ANALYSIS\ANTEX_FULL_FACTORIAL_V1\FULL_FACTORIAL_RUN_MANIFEST_EXECUTED.csv | C:\IEEE\GNSS_ANALYSIS\ANTEX_OEM1_FACTORIAL_RERUN_V1\OEM1_RERUN_RUN_MANIFEST.csv | C:\IEEE\GNSS_ANALYSIS\ANTEX_SENSITIVITY_V1\PROVENANCE_NORMALIZED_PREFILTER.csv | C:\IEEE\GNSS_ANALYSIS\PRECISE_PRODUCT_PROVENANCE_V1\PRECISE_PRODUCT_PROVENANCE_RUN_LEVEL.csv | C:\IEEE\GNSS_ANALYSIS\PRECISE_PRODUCT_PROVENANCE_V1\PRECISE_PRODUCT_PROVENANCE_TABLE.csv,PASS,PASS,PRECISE_PRODUCT,,,,,
Test-2,2023-06-05,2265.0,1.0,156,WHU,BIA,WUM0MGXRAP_20231560000_01D_01D_OSB.BIA,C:\IEEE\IGS_Products\whu\bia\WUM0MGXRAP_20231560000_01D_01D_OSB.BIA,600143.0,2023-06-05 00:00:00,,,True,True,89.0,C:\IEEE\GNSS_ANALYSIS\ANTEX_FULL_FACTORIAL_V1\FULL_FACTORIAL_RUN_MANIFEST.csv | C:\IEEE\GNSS_ANALYSIS\ANTEX_FULL_FACTORIAL_V1\FULL_FACTORIAL_RUN_MANIFEST_EXECUTED.csv | C:\IEEE\GNSS_ANALYSIS\ANTEX_OEM1_FACTORIAL_RERUN_V1\OEM1_RERUN_RUN_MANIFEST.csv | C:\IEEE\GNSS_ANALYSIS\ANTEX_SENSITIVITY_V1\PROVENANCE_NORMALIZED_PREFILTER.csv | C:\IEEE\GNSS_ANALYSIS\PRECISE_PRODUCT_PROVENANCE_V1\PRECISE_PRODUCT_PROVENANCE_RUN_LEVEL.csv | C:\IEEE\GNSS_ANALYSIS\PRECISE_PRODUCT_PROVENANCE_V1\PRECISE_PRODUCT_PROVENANCE_TABLE.csv,PASS,PASS,PRECISE_PRODUCT,,,,,
Test-3,2023-06-05,2265.0,1.0,156,WHU,BIA,WUM0MGXRAP_20231560000_01D_01D_OSB.BIA,C:\IEEE\IGS_Products\whu\bia\WUM0MGXRAP_20231560000_01D_01D_OSB.BIA,600143.0,2023-06-05 00:00:00,,,True,True,89.0,C:\IEEE\GNSS_ANALYSIS\ANTEX_FULL_FACTORIAL_V1\FULL_FACTORIAL_RUN_MANIFEST.csv | C:\IEEE\GNSS_ANALYSIS\ANTEX_FULL_FACTORIAL_V1\FULL_FACTORIAL_RUN_MANIFEST_EXECUTED.csv | C:\IEEE\GNSS_ANALYSIS\ANTEX_OEM1_FACTORIAL_RERUN_V1\OEM1_RERUN_RUN_MANIFEST.csv | C:\IEEE\GNSS_ANALYSIS\ANTEX_SENSITIVITY_V1\PROVENANCE_NORMALIZED_PREFILTER.csv | C:\IEEE\GNSS_ANALYSIS\PRECISE_PRODUCT_PROVENANCE_V1\PRECISE_PRODUCT_PROVENANCE_RUN_LEVEL.csv | C:\IEEE\GNSS_ANALYSIS\PRECISE_PRODUCT_PROVENANCE_V1\PRECISE_PRODUCT_PROVENANCE_TABLE.csv,PASS,PASS,PRECISE_PRODUCT,,,,,
Test-1,2023-06-05,2265.0,1.0,156,WHU,CLK,WUM0MGXRAP_20231560000_01D_30S_CLK.CLK,C:\IEEE\IGS_Products\whu\clk\WUM0MGXRAP_20231560000_01D_30S_CLK.CLK,20037490.0,2023-06-05 00:00:00,2023-06-05 00:00:00,2023-06-06 00:00:00,True,True,89.0,C:\IEEE\GNSS_ANALYSIS\ANTEX_FULL_FACTORIAL_V1\FULL_FACTORIAL_RUN_MANIFEST.csv | C:\IEEE\GNSS_ANALYSIS\ANTEX_FULL_FACTORIAL_V1\FULL_FACTORIAL_RUN_MANIFEST_EXECUTED.csv | C:\IEEE\GNSS_ANALYSIS\ANTEX_OEM1_FACTORIAL_RERUN_V1\OEM1_RERUN_RUN_MANIFEST.csv | C:\IEEE\GNSS_ANALYSIS\ANTEX_SENSITIVITY_V1\PROVENANCE_NORMALIZED_PREFILTER.csv | C:\IEEE\GNSS_ANALYSIS\PRECISE_PRODUCT_PROVENANCE_V1\PRECISE_PRODUCT_PROVENANCE_RUN_LEVEL.csv | C:\IEEE\GNSS_ANALYSIS\PRECISE_PRODUCT_PROVENANCE_V1\PRECISE_PRODUCT_PROVENANCE_TABLE.csv,PASS,PASS,PRECISE_PRODUCT,,,,,
Test-2,2023-06-05,2265.0,1.0,156,WHU,CLK,WUM0MGXRAP_20231560000_01D_30S_CLK.CLK,C:\IEEE\IGS_Products\whu\clk\WUM0MGXRAP_20231560000_01D_30S_CLK.CLK,20037490.0,2023-06-05 00:00:00,2023-06-05 00:00:00,2023-06-06 00:00:00,True,True,89.0,C:\IEEE\GNSS_ANALYSIS\ANTEX_FULL_FACTORIAL_V1\FULL_FACTORIAL_RUN_MANIFEST.csv | C:\IEEE\GNSS_ANALYSIS\ANTEX_FULL_FACTORIAL_V1\FULL_FACTORIAL_RUN_MANIFEST_EXECUTED.csv | C:\IEEE\GNSS_ANALYSIS\ANTEX_OEM1_FACTORIAL_RERUN_V1\OEM1_RERUN_RUN_MANIFEST.csv | C:\IEEE\GNSS_ANALYSIS\ANTEX_SENSITIVITY_V1\PROVENANCE_NORMALIZED_PREFILTER.csv | C:\IEEE\GNSS_ANALYSIS\PRECISE_PRODUCT_PROVENANCE_V1\PRECISE_PRODUCT_PROVENANCE_RUN_LEVEL.csv | C:\IEEE\GNSS_ANALYSIS\PRECISE_PRODUCT_PROVENANCE_V1\PRECISE_PRODUCT_PROVENANCE_TABLE.csv,PASS,PASS,PRECISE_PRODUCT,,,,,
Test-3,2023-06-05,2265.0,1.0,156,WHU,CLK,WUM0MGXRAP_20231560000_01D_30S_CLK.CLK,C:\IEEE\IGS_Products\whu\clk\WUM0MGXRAP_20231560000_01D_30S_CLK.CLK,20037490.0,2023-06-05 00:00:00,2023-06-05 00:00:00,2023-06-06 00:00:00,True,True,89.0,C:\IEEE\GNSS_ANALYSIS\ANTEX_FULL_FACTORIAL_V1\FULL_FACTORIAL_RUN_MANIFEST.csv | C:\IEEE\GNSS_ANALYSIS\ANTEX_FULL_FACTORIAL_V1\FULL_FACTORIAL_RUN_MANIFEST_EXECUTED.csv | C:\IEEE\GNSS_ANALYSIS\ANTEX_OEM1_FACTORIAL_RERUN_V1\OEM1_RERUN_RUN_MANIFEST.csv | C:\IEEE\GNSS_ANALYSIS\ANTEX_SENSITIVITY_V1\PROVENANCE_NORMALIZED_PREFILTER.csv | C:\IEEE\GNSS_ANALYSIS\PRECISE_PRODUCT_PROVENANCE_V1\PRECISE_PRODUCT_PROVENANCE_RUN_LEVEL.csv | C:\IEEE\GNSS_ANALYSIS\PRECISE_PRODUCT_PROVENANCE_V1\PRECISE_PRODUCT_PROVENANCE_TABLE.csv,PASS,PASS,PRECISE_PRODUCT,,,,,
Test-1,2023-06-05,2265.0,1.0,156,WHU,SP3,WUM0MGXRAP_20231560000_01D_05M_ORB.SP3,C:\IEEE\IGS_Products\whu\sp3\WUM0MGXRAP_20231560000_01D_05M_ORB.SP3,2055619.0,2023-06-05 00:00:00,2023-06-05 00:00:00,2023-06-06 00:00:00,True,True,89.0,C:\IEEE\GNSS_ANALYSIS\ANTEX_FULL_FACTORIAL_V1\FULL_FACTORIAL_RUN_MANIFEST.csv | C:\IEEE\GNSS_ANALYSIS\ANTEX_FULL_FACTORIAL_V1\FULL_FACTORIAL_RUN_MANIFEST_EXECUTED.csv | C:\IEEE\GNSS_ANALYSIS\ANTEX_OEM1_FACTORIAL_RERUN_V1\OEM1_RERUN_RUN_MANIFEST.csv | C:\IEEE\GNSS_ANALYSIS\ANTEX_SENSITIVITY_V1\PROVENANCE_NORMALIZED_PREFILTER.csv | C:\IEEE\GNSS_ANALYSIS\PRECISE_PRODUCT_PROVENANCE_V1\PRECISE_PRODUCT_PROVENANCE_RUN_LEVEL.csv | C:\IEEE\GNSS_ANALYSIS\PRECISE_PRODUCT_PROVENANCE_V1\PRECISE_PRODUCT_PROVENANCE_TABLE.csv,PASS,PASS,PRECISE_PRODUCT,,,,,
Test-2,2023-06-05,2265.0,1.0,156,WHU,SP3,WUM0MGXRAP_20231560000_01D_05M_ORB.SP3,C:\IEEE\IGS_Products\whu\sp3\WUM0MGXRAP_20231560000_01D_05M_ORB.SP3,2055619.0,2023-06-05 00:00:00,2023-06-05 00:00:00,2023-06-06 00:00:00,True,True,89.0,C:\IEEE\GNSS_ANALYSIS\ANTEX_FULL_FACTORIAL_V1\FULL_FACTORIAL_RUN_MANIFEST.csv | C:\IEEE\GNSS_ANALYSIS\ANTEX_FULL_FACTORIAL_V1\FULL_FACTORIAL_RUN_MANIFEST_EXECUTED.csv | C:\IEEE\GNSS_ANALYSIS\ANTEX_OEM1_FACTORIAL_RERUN_V1\OEM1_RERUN_RUN_MANIFEST.csv | C:\IEEE\GNSS_ANALYSIS\ANTEX_SENSITIVITY_V1\PROVENANCE_NORMALIZED_PREFILTER.csv | C:\IEEE\GNSS_ANALYSIS\PRECISE_PRODUCT_PROVENANCE_V1\PRECISE_PRODUCT_PROVENANCE_RUN_LEVEL.csv | C:\IEEE\GNSS_ANALYSIS\PRECISE_PRODUCT_PROVENANCE_V1\PRECISE_PRODUCT_PROVENANCE_TABLE.csv,PASS,PASS,PRECISE_PRODUCT,,,,,
Test-3,2023-06-05,2265.0,1.0,156,WHU,SP3,WUM0MGXRAP_20231560000_01D_05M_ORB.SP3,C:\IEEE\IGS_Products\whu\sp3\WUM0MGXRAP_20231560000_01D_05M_ORB.SP3,2055619.0,2023-06-05 00:00:00,2023-06-05 00:00:00,2023-06-06 00:00:00,True,True,89.0,C:\IEEE\GNSS_ANALYSIS\ANTEX_FULL_FACTORIAL_V1\FULL_FACTORIAL_RUN_MANIFEST.csv | C:\IEEE\GNSS_ANALYSIS\ANTEX_FULL_FACTORIAL_V1\FULL_FACTORIAL_RUN_MANIFEST_EXECUTED.csv | C:\IEEE\GNSS_ANALYSIS\ANTEX_OEM1_FACTORIAL_RERUN_V1\OEM1_RERUN_RUN_MANIFEST.csv | C:\IEEE\GNSS_ANALYSIS\ANTEX_SENSITIVITY_V1\PROVENANCE_NORMALIZED_PREFILTER.csv | C:\IEEE\GNSS_ANALYSIS\PRECISE_PRODUCT_PROVENANCE_V1\PRECISE_PRODUCT_PROVENANCE_RUN_LEVEL.csv | C:\IEEE\GNSS_ANALYSIS\PRECISE_PRODUCT_PROVENANCE_V1\PRECISE_PRODUCT_PROVENANCE_TABLE.csv,PASS,PASS,PRECISE_PRODUCT,,,,,
,,,,156,,,,,,,,,,,,,,,BROADCAST_NAV,Broadcast multi-GNSS navigation,BRDM00DLR_S_20231560000_01D_MN.rnx,5 June 2023,2265.0,1.0
